link,title,description,category
https://www.youtube.com/watch?v=3qTZnwRbFY0&pp=ygUZY29zdGNvIHJvdGlzc2VyaWUgY2hpY2tlbg%3D%3D,This Is Why Costco Only Charges $5 For A Rotisserie Chicken,,costco_chicken
https://www.youtube.com/watch?v=jBFMDZ5ugd4&pp=ygUZY29zdGNvIHJvdGlzc2VyaWUgY2hpY2tlbg%3D%3D,Removing Meat from a Costco Rotisserie Chicken,,costco_chicken
https://www.youtube.com/watch?v=L_2jL8vNiNM&pp=ygUZY29zdGNvIHJvdGlzc2VyaWUgY2hpY2tlbg%3D%3D,The Big Problem Costco Shoppers Are Currently Having With Their Rotisserie Chickens,,costco_chicken
https://www.youtube.com/watch?v=qkRAUoYLeaU&pp=ygUZY29zdGNvIHJvdGlzc2VyaWUgY2hpY2tlbg%3D%3D,Pro Chef Turns 2 Rotisserie Chickens Into 4 Meals For Under $12 | The Smart Cook | Epicurious,,costco_chicken
https://www.youtube.com/watch?v=gXjcwnEpILg&pp=ygUZY29zdGNvIHJvdGlzc2VyaWUgY2hpY2tlbg%3D%3D,Don't Eat Another Costco Rotisserie Chicken Until You Watch This,,costco_chicken
https://www.youtube.com/watch?v=3XDcNI31T2k&pp=ygUZY29zdGNvIHJvdGlzc2VyaWUgY2hpY2tlbg%3D%3D,10 Easy Costco Chicken Dinners | Recipes You Can Make With a Costco Rotisserie Chicken,,costco_chicken
https://www.youtube.com/shorts/-50Q3BvM2Xo,,,costco_chicken
https://www.youtube.com/watch?v=cWq_OQDBs6Q&pp=ygUZY29zdGNvIHJvdGlzc2VyaWUgY2hpY2tlbg%3D%3D,COSTCO BUSINESS CENTER - NEW & GREAT FINDS!,,costco_chicken
https://www.youtube.com/watch?v=5K9brCRKND0&pp=ygUZY29zdGNvIHJvdGlzc2VyaWUgY2hpY2tlbg%3D%3D,"Terrible News at Home Depot! Stock Plummets, is Lowe's Next?",,costco_chicken
https://www.youtube.com/watch?v=aNMednOWW4c&pp=ygUZY29zdGNvIHJvdGlzc2VyaWUgY2hpY2tlbg%3D%3D,"Freeze Drying Your First 500 lbs of Food - Batch 25 - Chicken, Costco, Rotisserie",,costco_chicken
https://www.youtube.com/watch?v=hnymeCIhWaA&pp=ygUZY29zdGNvIHJvdGlzc2VyaWUgY2hpY2tlbg%3D%3D,The Surprising Truth Behind Costco's 5 Dollar Rotisserie Chicken,,costco_chicken
https://www.youtube.com/watch?v=2QYJQDeOWNA&pp=ygUZY29zdGNvIHJvdGlzc2VyaWUgY2hpY2tlbg%3D%3D,Eating A COSTCO ROTISSERIE CHICKEN In The Car,,costco_chicken
https://www.youtube.com/shorts/4lmFIRrNGh0,,,costco_chicken
https://www.youtube.com/shorts/4yVM0o7-X4U,,,costco_chicken
https://www.youtube.com/watch?v=8Yd0MbW_IhI&pp=ygUZY29zdGNvIHJvdGlzc2VyaWUgY2hpY2tlbg%3D%3D,Can Rie Make Costco Rotisserie Chicken Fancy?,,costco_chicken
https://www.youtube.com/watch?v=j6T4JKuDy3A&pp=ygUZY29zdGNvIHJvdGlzc2VyaWUgY2hpY2tlbg%3D%3D,2019 Costco‚Äôs rotisserie chicken,,costco_chicken
https://www.youtube.com/watch?v=uxl4GqLO3z0&pp=ygUZY29zdGNvIHJvdGlzc2VyaWUgY2hpY2tlbg%3D%3D,2022 Costco's Rotisserie Chicken,,costco_chicken
https://www.youtube.com/shorts/dMpVdJeLd3s,,,costco_chicken
https://www.youtube.com/shorts/aGTQG8fEiMc,,,costco_chicken
https://www.youtube.com/shorts/dw_Z37rJKhc,,,costco_chicken
https://www.youtube.com/watch?v=CN8psWSJfRw&pp=ygUZY29zdGNvIHJvdGlzc2VyaWUgY2hpY2tlbg%3D%3D,How Long Can You Keep A Costco Rotisserie Chicken In The Fridge?,,costco_chicken
https://www.youtube.com/watch?v=MSvCK_xH84s&pp=ygUZY29zdGNvIHJvdGlzc2VyaWUgY2hpY2tlbg%3D%3D,Why Is Costco Opening Its Own Chicken Farm?,,costco_chicken
https://www.youtube.com/shorts/bQZyMgPEajQ,,,costco_chicken
https://www.youtube.com/watch?v=e7Eco6V16dY&pp=ygUZY29zdGNvIHJvdGlzc2VyaWUgY2hpY2tlbg%3D%3D,"Costco Prepared Food Review - Rotisserie Chicken, Mac & Cheese, Meatloaf, & More!",,costco_chicken
https://www.youtube.com/shorts/5n9Hj3uUJTM,,,costco_chicken
https://www.youtube.com/shorts/zlhelhx3uMo,,,costco_chicken
https://www.youtube.com/shorts/aiQt3z6BB5Y,,,costco_chicken
https://www.youtube.com/watch?v=SjnMXVyo-Ig&pp=ygUZY29zdGNvIHJvdGlzc2VyaWUgY2hpY2tlbg%3D%3D,Costco's Famous $4.99 Rotisserie Chicken REVIEW!,,costco_chicken
https://www.youtube.com/watch?v=FzgrIOCQjvA&pp=ygUZY29zdGNvIHJvdGlzc2VyaWUgY2hpY2tlbg%3D%3D,Costco Rotisserie Chicken!Cost Effective Meals!,,costco_chicken
https://www.youtube.com/watch?v=NKi8hywqKS4&pp=ygUZY29zdGNvIHJvdGlzc2VyaWUgY2hpY2tlbg%3D%3D,Costco Roasted Chicken Challenge,,costco_chicken
https://www.youtube.com/shorts/3oZF1pkhn_E,,,costco_chicken
https://www.youtube.com/watch?v=HaOb_J4-c0I&pp=ygUZY29zdGNvIHJvdGlzc2VyaWUgY2hpY2tlbg%3D%3D,How to PROPERLY eat a Whole Chicken,,costco_chicken
https://www.youtube.com/shorts/t2Nvd0yYSKI,,,costco_chicken
https://www.youtube.com/shorts/aG8DgcI9csE,,,costco_chicken
https://www.youtube.com/shorts/6Ssq25UJECo,,,costco_chicken
https://www.youtube.com/shorts/OABYcNPLduE,,,costco_chicken
https://www.youtube.com/shorts/XbU43OhIeJE,,,costco_chicken
https://www.youtube.com/shorts/za5-wPWDeJk,,,costco_chicken
https://www.youtube.com/watch?v=4Ngb6Bq3OsM&pp=ygUZY29zdGNvIHJvdGlzc2VyaWUgY2hpY2tlbg%3D%3D,Use This Hack To Cut Your Costco Rotisserie Chicken Quickly,,costco_chicken
https://www.youtube.com/shorts/p4rZ5_yPF5I,,,costco_chicken
https://www.youtube.com/watch?v=1MHoT6VhrMI&pp=ygUZY29zdGNvIHJvdGlzc2VyaWUgY2hpY2tlbg%3D%3D,Why Is Costco‚Äôs $4.99 Rotisserie Chicken So Cheap?,,costco_chicken
https://www.youtube.com/shorts/_0y8dhApoF4,,,costco_chicken
https://www.youtube.com/shorts/A4R6HZPyM6c,,,costco_chicken
https://www.youtube.com/watch?v=V2GbMxHegxM&pp=ygUZY29zdGNvIHJvdGlzc2VyaWUgY2hpY2tlbg%3D%3D,Which Rotisserie Chicken Is Better: Costco Or Sam's Club?,,costco_chicken
https://www.youtube.com/shorts/h_NiT96qZtc,,,costco_chicken
https://www.youtube.com/watch?v=hnymeCIhWaA&pp=ygUZY29zdGNvIHJvdGlzc2VyaWUgY2hpY2tlbg%3D%3D,The Surprising Truth Behind Costco's 5 Dollar Rotisserie Chicken,,costco_chicken
https://www.youtube.com/watch?v=0s_71TAHKeU&pp=ygUZY29zdGNvIHJvdGlzc2VyaWUgY2hpY2tlbg%3D%3D,The Real Reason Costco Sells Chicken So Cheap,,costco_chicken
https://www.youtube.com/watch?v=XSIOZ7do82k&pp=ygUZY29zdGNvIHJvdGlzc2VyaWUgY2hpY2tlbg%3D%3D,Rotisserie Chicken and Carrageenan,,costco_chicken
https://www.youtube.com/shorts/x6zoA4C7p14,,,costco_chicken
https://www.youtube.com/shorts/5taJcmJvUn0,,,costco_chicken
https://www.youtube.com/shorts/yN-qrjBCbj0,,,costco_chicken
https://www.youtube.com/shorts/bUnG7uJwYVE,,,costco_chicken
https://www.youtube.com/shorts/ttZelJz9X4A,,,costco_chicken
https://www.youtube.com/watch?v=68ntPPJE4BM&pp=ygUZY29zdGNvIHJvdGlzc2VyaWUgY2hpY2tlbg%3D%3D,Costco Rotisserie Chicken Leftover Recipe,,costco_chicken
https://www.youtube.com/watch?v=IkWt-o4FcyE&pp=ygUZY29zdGNvIHJvdGlzc2VyaWUgY2hpY2tlbg%3D%3D,Who Has The Best Rotisserie Chickens? Sam‚Äôs Club VS Costco,,costco_chicken
https://www.youtube.com/shorts/7BSp1oM7oww,,,costco_chicken
https://www.youtube.com/shorts/kPzH4HVlKoY,,,costco_chicken
https://www.youtube.com/watch?v=foB2JLcKexs&pp=ygUZY29zdGNvIHJvdGlzc2VyaWUgY2hpY2tlbg%3D%3D,ASMR- 1 Whole COSTCO Rotisserie Chicken *SAVAGE EATING,,costco_chicken
https://www.youtube.com/shorts/NnXogTwNzaM,,,costco_chicken
https://www.youtube.com/shorts/ucOmPs-4b9Y,,,costco_chicken
https://www.youtube.com/shorts/2YUluvVx_MY,,,costco_chicken
https://www.youtube.com/shorts/LIhyC71Ty28,,,costco_chicken
https://www.youtube.com/watch?v=O-MqV7C0tfY&pp=ygUZY29zdGNvIHJvdGlzc2VyaWUgY2hpY2tlbg%3D%3D,The Difference Between Costco And Whole Foods Rotisserie Chicken,,costco_chicken
https://www.youtube.com/watch?v=qPIJ9YKlBxk&pp=ygUZY29zdGNvIHJvdGlzc2VyaWUgY2hpY2tlbg%3D%3D,COSTCO ROTISSERIE CHICKEN. ASMR,,costco_chicken
https://www.youtube.com/watch?v=oiO1Q_Q28Os&pp=ygUZY29zdGNvIHJvdGlzc2VyaWUgY2hpY2tlbg%3D%3D,7 Meals to Make with ONE Costco Rotisserie Chicken | Prep Family Meals for the Week!,,costco_chicken
https://www.youtube.com/shorts/x_D8i-dZAtg,,,costco_chicken
https://www.youtube.com/shorts/-hx-dIpkT9k,,,costco_chicken
https://www.youtube.com/watch?v=_Cs0VXw90hY&pp=ygUZY29zdGNvIHJvdGlzc2VyaWUgY2hpY2tlbg%3D%3D,Easy Costco Rotisserie Chicken Enchiladas,,costco_chicken
https://www.youtube.com/shorts/su2kHxmOJS0,,,costco_chicken
https://www.youtube.com/shorts/45duFC5NDG4,,,costco_chicken
https://www.youtube.com/shorts/cLk05AGNPNk,,,costco_chicken
https://www.youtube.com/shorts/bGRfY5KOCPg,,,costco_chicken
https://www.youtube.com/shorts/t8sT8bKB488,,,costco_chicken
https://www.youtube.com/shorts/5LtDmE9EUZo,,,costco_chicken
https://www.youtube.com/shorts/kCmZHjJHYxM,,,costco_chicken
https://www.youtube.com/shorts/cPwrq89Q2r8,,,costco_chicken
https://www.youtube.com/watch?v=6JBhekXegaA&pp=ygUZY29zdGNvIHJvdGlzc2VyaWUgY2hpY2tlbg%3D%3D,How To Reheat Rotisserie Chicken 6 Ways,,costco_chicken
https://www.youtube.com/watch?v=nhBWHTHo448&pp=ygUZY29zdGNvIHJvdGlzc2VyaWUgY2hpY2tlbg%3D%3D,EASY Chicken Pho From $4.99 Costco Rotisserie Chicken - Ph·ªü G√†,,costco_chicken
https://www.youtube.com/watch?v=PVx1BTKz7JU&pp=ygUZY29zdGNvIHJvdGlzc2VyaWUgY2hpY2tlbg%3D%3D,10 Things YOU NEED TO KNOW About Costco's $4.99 Rotisserie Chicken!!!,,costco_chicken
https://www.youtube.com/watch?v=e-b209Mkyes&pp=ygUZY29zdGNvIHJvdGlzc2VyaWUgY2hpY2tlbg%3D%3D,"How To Make Bone Broth From Costco Rotisserie Chicken, Instant Pot. Pro Tip at The End : Daniels DIY",,costco_chicken
https://www.youtube.com/watch?v=NmJl66sQTfA&pp=ygUZY29zdGNvIHJvdGlzc2VyaWUgY2hpY2tlbg%3D%3D,Costco Rotisserie Chicken Makes The BEST Enchiladas‚ÄºÔ∏è,,costco_chicken
https://www.youtube.com/watch?v=hqKl0XrjCHk&pp=ygUZY29zdGNvIHJvdGlzc2VyaWUgY2hpY2tlbg%3D%3D,5 Easy Ways to Meal Prep Rotisserie Chicken | Healthy Food Recipes | Lunch | Dinner | Costco Chicken,,costco_chicken
https://www.youtube.com/shorts/prOsIxEiUDQ,,,costco_chicken
https://www.youtube.com/shorts/yvh1LyccFT0,,,costco_chicken
https://www.youtube.com/watch?v=wz-389zkXKo&pp=ygUZY29zdGNvIHJvdGlzc2VyaWUgY2hpY2tlbg%3D%3D,This One Carb Whole Chicken Recipe is PERFECT for a Quick Keto Dinner | Better than Costco,,costco_chicken
https://www.youtube.com/watch?v=684h8GVaQgY&pp=ygUZY29zdGNvIHJvdGlzc2VyaWUgY2hpY2tlbg%3D%3D,Costco Rotisserie Chicken Sausage,,costco_chicken
https://www.youtube.com/shorts/If2JA0rUjQQ,,,costco_chicken
https://www.youtube.com/shorts/ZxjJRXB0j94,,,costco_chicken
https://www.youtube.com/shorts/mmhZgVzn7EA,,,costco_chicken
https://www.youtube.com/watch?v=Lyc3q7KX42Q&pp=ygUZY29zdGNvIHJvdGlzc2VyaWUgY2hpY2tlbg%3D%3D,How Many Meals? Sam's Club Rotisserie Chicken - Meal Prep & Costco Caesar Salad Hack,,costco_chicken
https://www.youtube.com/watch?v=d4_UzosbT0E&pp=ygUZY29zdGNvIHJvdGlzc2VyaWUgY2hpY2tlbg%3D%3D,"Freeze Drying Batch 604 - Shredded Costco Rotisserie Chicken with Taco Seasoning, and Rice",,costco_chicken
https://www.youtube.com/watch?v=V2ALyMpQQJQ&pp=ygUZY29zdGNvIHJvdGlzc2VyaWUgY2hpY2tlbg%3D%3D,Trying Costco Rotisserie Chicken For Only $4.50,,costco_chicken
https://www.youtube.com/shorts/AcPrn7pnNOI,,,costco_chicken
https://www.youtube.com/shorts/1_GaUfl_7lc,,,costco_chicken
https://www.youtube.com/shorts/hr0AiU3YfDg,,,costco_chicken
https://www.youtube.com/watch?v=6xEMJTRTlb8&pp=ygUZY29zdGNvIHJvdGlzc2VyaWUgY2hpY2tlbg%3D%3D,Ranking Grocery Store Rotisserie Chickens From Worst To Best,,costco_chicken
https://www.youtube.com/watch?v=EZwHQO1Fq6s&pp=ygUZY29zdGNvIHJvdGlzc2VyaWUgY2hpY2tlbg%3D%3D,The cost of $4.99 rotisserie chickens: Costco gets sued for animal mistreatment,,costco_chicken
https://www.youtube.com/shorts/Uzh1CpKov4U,,,costco_chicken
https://www.youtube.com/watch?v=JkbU_eMpfSg&pp=ygUZY29zdGNvIHJvdGlzc2VyaWUgY2hpY2tlbg%3D%3D,2022 Costco Rotisserie Chickens(short version),,costco_chicken
https://www.youtube.com/shorts/ihjYfizafEo,,,costco_chicken
https://www.youtube.com/shorts/MSasHvV6KtI,,,costco_chicken
https://www.youtube.com/watch?v=PXBiDcGGzNA&pp=ygUZY29zdGNvIHJvdGlzc2VyaWUgY2hpY2tlbg%3D%3D,USING COSTCO ROTISSERIE CHICKEN PLASTIC CONTAINER. COMPLETE BASIC GUIDE TO WINTER SEED SOWING,,costco_chicken
https://www.youtube.com/shorts/lHKP7TGq93c,,,costco_chicken
https://www.youtube.com/watch?v=TB8Yo9AGaww&pp=ygUZY29zdGNvIHJvdGlzc2VyaWUgY2hpY2tlbg%3D%3D,Costco Rotisserie Chicken,,costco_chicken
https://www.youtube.com/watch?v=jI--C9nHjvc&pp=ygUZY29zdGNvIHJvdGlzc2VyaWUgY2hpY2tlbg%3D%3D,Costco's rotisserie chicken salad sandwiches on a croissant | Chef Dawg,,costco_chicken
https://www.youtube.com/watch?v=5DkXzXrCdDo&pp=ygUZY29zdGNvIHJvdGlzc2VyaWUgY2hpY2tlbg%3D%3D,How to cut and get the most out of your rotisserie chicken,,costco_chicken
https://www.youtube.com/watch?v=Hlu5JiJjM8k&pp=ygUZY29zdGNvIHJvdGlzc2VyaWUgY2hpY2tlbg%3D%3D,Costco's Full Rotisserie Chicken!,,costco_chicken
https://www.youtube.com/watch?v=eIfkXs0avjw&pp=ygUZY29zdGNvIHJvdGlzc2VyaWUgY2hpY2tlbg%3D%3D,Costco Rotisserie Chicken Mukbang!! üêì,,costco_chicken
https://www.youtube.com/shorts/5fCy6IDqOCc,,,costco_chicken
https://www.youtube.com/shorts/JyEQiymaJlY,,,costco_chicken
https://www.youtube.com/watch?v=wYfcaSGBDDY&pp=ygUZY29zdGNvIHJvdGlzc2VyaWUgY2hpY2tlbg%3D%3D,How To Make An Easy & Delicious Costco Chicken Curry,,costco_chicken
https://www.youtube.com/shorts/EX-fPZCWMf8,,,costco_chicken
https://www.youtube.com/shorts/FaBasW8_vCU,,,costco_chicken
https://www.youtube.com/watch?v=-SGrvUOWn8s&pp=ygUZY29zdGNvIHJvdGlzc2VyaWUgY2hpY2tlbg%3D%3D,Bodybuilding On A Budget Best Deal On Chicken Meal Prep Rotisserie Chicken,,costco_chicken
https://www.youtube.com/shorts/AyxGYJEBZ-Q,,,costco_chicken
https://www.youtube.com/shorts/fQ6UFe5qwiw,,,costco_chicken
https://www.youtube.com/shorts/4298UDBrYso,,,costco_chicken
https://www.youtube.com/watch?v=O-MqV7C0tfY&pp=ygUZY29zdGNvIHJvdGlzc2VyaWUgY2hpY2tlbg%3D%3D,The Difference Between Costco And Whole Foods Rotisserie Chicken,,costco_chicken
https://www.youtube.com/shorts/RdmcvPcTOU8,,,costco_chicken
https://www.youtube.com/shorts/L04PYDN_7MI,,,costco_chicken
https://www.youtube.com/watch?v=p7N_TLrfCg4&pp=ygUZY29zdGNvIHJvdGlzc2VyaWUgY2hpY2tlbg%3D%3D,Pre-packaged hand pulled rotisserie chicken breast meat from Costco | Chef Dawg Uncut,,costco_chicken
https://www.youtube.com/watch?v=qWFZc_kZmbA&pp=ygUZY29zdGNvIHJvdGlzc2VyaWUgY2hpY2tlbg%3D%3D,The Best Easiest ‚óè Homemade Chicken Soup !,,costco_chicken
https://www.youtube.com/watch?v=_PQYQnp1bcs&pp=ygUZY29zdGNvIHJvdGlzc2VyaWUgY2hpY2tlbg%3D%3D,HOW TO REHEAT ROTISSERIE CHICKEN IN THE OVEN | REHEATING A WHOLE BAKED CHICKEN,,costco_chicken
https://www.youtube.com/shorts/z8ejtWQlvJo,,,costco_chicken
https://www.youtube.com/shorts/9RHOZy2k2LQ,,,costco_chicken
https://www.youtube.com/shorts/1ZpjL5H39F4,,,costco_chicken
https://www.youtube.com/watch?v=mC1yDvpYwRs&pp=ygUZY29zdGNvIHJvdGlzc2VyaWUgY2hpY2tlbg%3D%3D,Costco Rotisserie Chicken Review | Chef Dawg,,costco_chicken
https://www.youtube.com/shorts/ABfZJRFjM94,,,costco_chicken
https://www.youtube.com/watch?v=MqQRcGYNQgI&pp=ygUZY29zdGNvIHJvdGlzc2VyaWUgY2hpY2tlbg%3D%3D,Behind The Scenes - Rotisserie Chicken at Costco Wholesales,,costco_chicken
https://www.youtube.com/watch?v=aqeShTCe0mI&pp=ygUZY29zdGNvIHJvdGlzc2VyaWUgY2hpY2tlbg%3D%3D,COOK WITH ME | green enchiladas + costco rotisserie chicken,,costco_chicken
https://www.youtube.com/shorts/GWQaZmZr-eU,,,costco_chicken
https://www.youtube.com/watch?v=rvJ3dkLWXCM&pp=ygUZY29zdGNvIHJvdGlzc2VyaWUgY2hpY2tlbg%3D%3D,Kirkland Signature (Costco) Chicken Salad made with Rotisserie Chicken Review,,costco_chicken
https://www.youtube.com/watch?v=jw82h3vuR5k&pp=ygUZY29zdGNvIHJvdGlzc2VyaWUgY2hpY2tlbg%3D%3D,"""Cracking the Costco Rotisserie Chicken Recipe: My Copycat Version is Even Better!""",,costco_chicken
https://www.youtube.com/watch?v=Ee8RVGXeo1Y&pp=ygUZY29zdGNvIHJvdGlzc2VyaWUgY2hpY2tlbg%3D%3D,Costco's Kirkland Signature Enchiladas | Chef Dawg,,costco_chicken
https://www.youtube.com/watch?v=LiZttTCkxIQ&pp=ygUZY29zdGNvIHJvdGlzc2VyaWUgY2hpY2tlbg%3D%3D,Amazing Rotisserie Chicken Soup Recipe - The Best Chicken Soup Recipe in under 20 minutes Ya'Eat,,costco_chicken
https://www.youtube.com/watch?v=C1GfYe-P85M&pp=ygUZY29zdGNvIHJvdGlzc2VyaWUgY2hpY2tlbg%3D%3D,"COSTCO ROTISSERIE CHICKEN MUKBANG ""Chicks Silog""",,costco_chicken
https://www.youtube.com/shorts/vlt2Kt_gwak,,,costco_chicken
https://www.youtube.com/watch?v=BTlMfcR2-X0&pp=ygUZY29zdGNvIHJvdGlzc2VyaWUgY2hpY2tlbg%3D%3D,Costco Rotisserie Chicken Fan Shares Why She‚Äôs ‚ÄúBoycotting the Bird‚Äù,,costco_chicken
https://www.youtube.com/watch?v=zD0GiLipBvc&pp=ygUZY29zdGNvIHJvdGlzc2VyaWUgY2hpY2tlbg%3D%3D,How is the Costco Rotisserie Chicken? - Costco Rotisserie Chicken Review - with Hidden Perk,,costco_chicken
https://www.youtube.com/watch?v=8B8ysMLE5JM&pp=ygUZY29zdGNvIHJvdGlzc2VyaWUgY2hpY2tlbg%3D%3D,Bone Broth From Rotisserie Chicken,,costco_chicken
https://www.youtube.com/watch?v=Q2qkVIGF83Y&t=89s&pp=ygUZY29zdGNvIHJvdGlzc2VyaWUgY2hpY2tlbg%3D%3D,5 Easy Meals Using Costco Rotisserie Chicken,,costco_chicken
https://www.youtube.com/watch?v=dacRWyIowz8&pp=ygUZY29zdGNvIHJvdGlzc2VyaWUgY2hpY2tlbg%3D%3D,Homemade Costco Rotisserie Chicken Salad Sandwich - Cooking #94,,costco_chicken
https://www.youtube.com/watch?v=4d4jja2Ph5Q&pp=ygUZY29zdGNvIHJvdGlzc2VyaWUgY2hpY2tlbg%3D%3D,Fact or Fiction: Costco discontinuing rotisserie chickens?,,costco_chicken
https://www.youtube.com/shorts/PQ-dsI5lX78,,,costco_chicken
https://www.youtube.com/watch?v=KzGxkPMiQjo&pp=ygUZY29zdGNvIHJvdGlzc2VyaWUgY2hpY2tlbg%3D%3D,Quick & Easy BBQ Chicken Sliders with Costco Rotisserie Chicken,,costco_chicken
https://www.youtube.com/watch?v=KfbaDdTn8fs&pp=ygUZY29zdGNvIHJvdGlzc2VyaWUgY2hpY2tlbg%3D%3D,2022 Costco Rotisserie Chicken again!,,costco_chicken
https://www.youtube.com/watch?v=8b7LsHyvkmA&pp=ygUZY29zdGNvIHJvdGlzc2VyaWUgY2hpY2tlbg%3D%3D,Costco ROTISSERIE CHICKEN vs HOT DOG COMBO. Which is better deal?,,costco_chicken
https://www.youtube.com/watch?v=QQEJKomv69M&pp=ygUZY29zdGNvIHJvdGlzc2VyaWUgY2hpY2tlbg%3D%3D,HOW I AMPLIFY THE FLAVOR OF COSTCO'S ROTISSERIE CHICKEN,,costco_chicken
https://www.youtube.com/shorts/plaAu0EPkU8,,,costco_chicken
https://www.youtube.com/watch?v=qX3T0Tm-460&pp=ygUZY29zdGNvIHJvdGlzc2VyaWUgY2hpY2tlbg%3D%3D,2 COSTCO ROTISSERIE CHICKEN CHALLENGE! EAT OFF | MUKBANG,,costco_chicken
https://www.youtube.com/watch?v=Kx_jYJHE1Xw&pp=ygUZY29zdGNvIHJvdGlzc2VyaWUgY2hpY2tlbg%3D%3D,Shawarma made with leftover Costco Rotisserie Chicken üí•,,costco_chicken
https://www.youtube.com/shorts/SZeC2WNFy1Q,,,costco_chicken
https://www.youtube.com/watch?v=gZJeTTmmtp8&pp=ygUZY29zdGNvIHJvdGlzc2VyaWUgY2hpY2tlbg%3D%3D,CONSUMER REPORTS: Is rotisserie chicken healthy?,,costco_chicken
https://www.youtube.com/watch?v=T62vhUOscqI&pp=ygUZY29zdGNvIHJvdGlzc2VyaWUgY2hpY2tlbg%3D%3D,Costco's NEW Rotisserie Chicken Recipe!!,,costco_chicken
https://www.youtube.com/watch?v=dFNDj9sIUXE&pp=ygUZY29zdGNvIHJvdGlzc2VyaWUgY2hpY2tlbg%3D%3D,COSTCO Spicy Miso Garlic Chicken Ramen (From Rotisserie Chicken) | JMah Cooks,,costco_chicken
https://www.youtube.com/shorts/AQBjAYYinZs,,,costco_chicken
https://www.youtube.com/shorts/5rCg2DCOCsU,,,costco_chicken
https://www.youtube.com/watch?v=QePKmJv3FmU&pp=ygUZY29zdGNvIHJvdGlzc2VyaWUgY2hpY2tlbg%3D%3D,JALAPE√ëO CHICKEN SALAD | Easy Recipe Using Costco Rotisserie Chicken | gluten & dairy free,,costco_chicken
https://www.youtube.com/shorts/dUEFr1MSe4E,,,costco_chicken
https://www.youtube.com/watch?v=Fw3PFw4WhG0&pp=ygUZY29zdGNvIHJvdGlzc2VyaWUgY2hpY2tlbg%3D%3D,Costco Sale Item Review Enchilada Bake With Rotisserie Chicken Taste Test Review Recommendation,,costco_chicken
https://www.youtube.com/watch?v=Uoem-ksDpbo&pp=ygUZY29zdGNvIHJvdGlzc2VyaWUgY2hpY2tlbg%3D%3D,COSTCO ROTISSERIE CHICKEN MUKBANG,,costco_chicken
https://www.youtube.com/shorts/KHQP0gdlz64,,,costco_chicken
https://www.youtube.com/shorts/Cp4Qj52f-lE,,,costco_chicken
https://www.youtube.com/watch?v=gwv3jQqRZPo&pp=ygUZY29zdGNvIHJvdGlzc2VyaWUgY2hpY2tlbg%3D%3D,The Best & Worst Of Costco's Kirkland Items. Here's What To Know,,costco_chicken
https://www.youtube.com/watch?v=AN-nr6syaFE&pp=ygUZY29zdGNvIHJvdGlzc2VyaWUgY2hpY2tlbg%3D%3D,"Blowing up a Costco Rotisserie Chicken (Slow Mo, LOUD)",,costco_chicken
https://www.youtube.com/watch?v=YIMjZDDRhI0&pp=ygUZY29zdGNvIHJvdGlzc2VyaWUgY2hpY2tlbg%3D%3D,Costco Asian Wrap Rotisserie Chicken,,costco_chicken
https://www.youtube.com/watch?v=ATvim75PyKg&pp=ygUZY29zdGNvIHJvdGlzc2VyaWUgY2hpY2tlbg%3D%3D,Costco Rotisserie Chicken Taiwan - How much Protein???,,costco_chicken
https://www.youtube.com/shorts/S5Hjf0N7iVk,,,costco_chicken
https://www.youtube.com/shorts/yyzonXQ3EN0,,,costco_chicken
https://www.youtube.com/shorts/WGRhb0vtcw4,,,costco_chicken
https://www.youtube.com/watch?v=Wo-WmeUPWCE&pp=ygUZY29zdGNvIHJvdGlzc2VyaWUgY2hpY2tlbg%3D%3D,Brought home Costco's Rotisserie Chicken - super tender,,costco_chicken
https://www.youtube.com/shorts/3ADycZ2AXVw,,,costco_chicken
https://www.youtube.com/watch?v=wsGAr0iptgY&pp=ygUZY29zdGNvIHJvdGlzc2VyaWUgY2hpY2tlbg%3D%3D,Rotisserie Chicken Wars - Sam's Club vs Costco,,costco_chicken
https://www.youtube.com/watch?v=FWSDINXsgEA&pp=ygUZY29zdGNvIHJvdGlzc2VyaWUgY2hpY2tlbg%3D%3D,Costco Chicken Providers Exposed for Animal Cruelty,,costco_chicken
https://www.youtube.com/shorts/OVycf1Bx3co,,,costco_chicken
https://www.youtube.com/shorts/UZCPCWsMTuY,,,costco_chicken
https://www.youtube.com/watch?v=VNxLrJVM0HM&pp=ygUZY29zdGNvIHJvdGlzc2VyaWUgY2hpY2tlbg%3D%3D,2.5 Costco rotisserie chickens in one batch - Freeze Drying Rotisserie Chicken,,costco_chicken
https://www.youtube.com/watch?v=Ftywuov8J7Y&pp=ygUZY29zdGNvIHJvdGlzc2VyaWUgY2hpY2tlbg%3D%3D,Chicken biryani made with store bought Rotisserie Chicken,,costco_chicken
https://www.youtube.com/shorts/Ap-tpkbOoUo,,,costco_chicken
https://www.youtube.com/watch?v=L5pIYOsZMaQ&pp=ygUZY29zdGNvIHJvdGlzc2VyaWUgY2hpY2tlbg%3D%3D,Costco Rotisserie Chicken,,costco_chicken
https://www.youtube.com/shorts/3C-aj3lujLU,,,costco_chicken
https://www.youtube.com/watch?v=SApKLGf57cs&pp=ygUZY29zdGNvIHJvdGlzc2VyaWUgY2hpY2tlbg%3D%3D,It's Hard To Beat The Value of Costco's Rotisserie Chicken!,,costco_chicken
https://www.youtube.com/watch?v=jsa78zHt9jg&pp=ygUZY29zdGNvIHJvdGlzc2VyaWUgY2hpY2tlbg%3D%3D,Making Spicy Chicken Noodles with The Famous Costco Rotisserie Chicken!,,costco_chicken
https://www.youtube.com/shorts/Z1-uZwUwV34,,,costco_chicken
https://www.youtube.com/shorts/GAemclfzSYs,,,costco_chicken
https://www.youtube.com/watch?v=GIVw7JJ4Dj0&pp=ygUZY29zdGNvIHJvdGlzc2VyaWUgY2hpY2tlbg%3D%3D,Watch This Before Buying Rotisserie Chicken From The Store,,costco_chicken
https://www.youtube.com/watch?v=c1TaAJlpfQQ&pp=ygUZY29zdGNvIHJvdGlzc2VyaWUgY2hpY2tlbg%3D%3D,4 Plus Meals using One Costco Rotisserie Chicken|My Gambian Kitchen,,costco_chicken
https://www.youtube.com/shorts/bmeIayHzrZU,,,costco_chicken
https://www.youtube.com/shorts/7In9pfzNvfk,,,costco_chicken
https://www.youtube.com/watch?v=Ab0K0GSTNec&pp=ygUZY29zdGNvIHJvdGlzc2VyaWUgY2hpY2tlbg%3D%3D,ROTISSERIE CHICKEN DINNER IDEAS | 4 EXTREMELY FAST AND EASY DINNER RECIPES | Cook Clean And Repeat,,costco_chicken
https://www.youtube.com/shorts/9RFod900vGw,,,costco_chicken
https://www.youtube.com/watch?v=-3xgFWAs9gw&pp=ygUZY29zdGNvIHJvdGlzc2VyaWUgY2hpY2tlbg%3D%3D,COSTCO ROTISSERIE CHICKEN and SALAD MUKBANG,,costco_chicken
https://www.youtube.com/watch?v=VbgyD08APtc&pp=ygUZY29zdGNvIHJvdGlzc2VyaWUgY2hpY2tlbg%3D%3D,KETO CHICKEN BAKE! How to Make Costco Chicken Bake That's Only 4 NET CARBS!,,costco_chicken
https://www.youtube.com/shorts/s6tNrB7VMlA,,,costco_chicken
https://www.youtube.com/shorts/xYKfD25gCdQ,,,costco_chicken
https://www.youtube.com/watch?v=4vF9PCHJqTo&pp=ygUZY29zdGNvIHJvdGlzc2VyaWUgY2hpY2tlbg%3D%3D,Rotisserie Chicken Enchiladas,,costco_chicken
https://www.youtube.com/watch?v=kZ9_TkXZgK0&pp=ygUZY29zdGNvIHJvdGlzc2VyaWUgY2hpY2tlbg%3D%3D,Costco Chicken Salad Copycat Recipe | Leftover Rotisserie Chicken,,costco_chicken
https://www.youtube.com/watch?v=gdCOOSD2Ic0&pp=ygUZY29zdGNvIHJvdGlzc2VyaWUgY2hpY2tlbg%3D%3D,"ROTISSERIE CHICKEN NOODLE SOUP | easy, shortcut recipe",,costco_chicken
https://www.youtube.com/watch?v=JVUJdos2T4E&pp=ygUZY29zdGNvIHJvdGlzc2VyaWUgY2hpY2tlbg%3D%3D,"Freeze dried COSTCO // Rotisserie Chicken, Pumpkin Pie, Lasagna, Mushrooms, Olives",,costco_chicken
https://www.youtube.com/watch?v=0WGJwrtf3Z8&pp=ygUZY29zdGNvIHJvdGlzc2VyaWUgY2hpY2tlbg%3D%3D,Why Costco sells 60 million rotisserie chickens at a loss?,,costco_chicken
https://www.youtube.com/shorts/ksWL3q-vfqE,,,costco_chicken
https://www.youtube.com/watch?v=YMBRgYFDv4c&pp=ygUZY29zdGNvIHJvdGlzc2VyaWUgY2hpY2tlbg%3D%3D,Giving out Costco's Rotisserie Chicken to the Homeless,,costco_chicken
https://www.youtube.com/watch?v=uhvJZTkURhY&pp=ygUZY29zdGNvIHJvdGlzc2VyaWUgY2hpY2tlbg%3D%3D,Costco Rotisserie Chicken Leftovers - Shepherd's pie and chicken salad,,costco_chicken
https://www.youtube.com/shorts/Z5Melvxca7k,,,costco_chicken
https://www.youtube.com/shorts/fD8lVliNcN0,,,costco_chicken
https://www.youtube.com/watch?v=E5fG3yQ_zZ4&pp=ygUZY29zdGNvIHJvdGlzc2VyaWUgY2hpY2tlbg%3D%3D,how to make chicken stock from a rotisserie chicken at home in an instant pot | SAHM,,costco_chicken
https://www.youtube.com/watch?v=6xEMJTRTlb8&pp=ygUZY29zdGNvIHJvdGlzc2VyaWUgY2hpY2tlbg%3D%3D,Ranking Grocery Store Rotisserie Chickens From Worst To Best,,costco_chicken
https://www.youtube.com/watch?v=QMwsNngh_64&pp=ygUZY29zdGNvIHJvdGlzc2VyaWUgY2hpY2tlbg%3D%3D,5 of the BEST Recipes Using Rotisserie Chicken! | Quick & EASY Tasty Chicken Dinners | Julia Pacheco,,costco_chicken
https://www.youtube.com/shorts/KKPKFJz_39c,,,costco_chicken
https://www.youtube.com/watch?v=_5E3Z2eefkA&pp=ygUZY29zdGNvIHJvdGlzc2VyaWUgY2hpY2tlbg%3D%3D,How to package freeze dried rotisserie chicken.,,costco_chicken
https://www.youtube.com/watch?v=4cbZSmyz9K0&pp=ygUZY29zdGNvIHJvdGlzc2VyaWUgY2hpY2tlbg%3D%3D,Why You Should Never Buy A Rotisserie Chicken From Walmart,,costco_chicken
https://www.youtube.com/shorts/SeHd3XEGbok,,,costco_chicken
https://www.youtube.com/watch?v=Zh8GcKXQOdU&pp=ygUZY29zdGNvIHJvdGlzc2VyaWUgY2hpY2tlbg%3D%3D,5 AMAZING Recipes Using ROTISSERIE CHICKEN | The FASTEST Easy Chicken Dinner Ideas | Julia Pacheco,,costco_chicken
https://www.youtube.com/watch?v=NO4TmoMu0VM&pp=ygUZY29zdGNvIHJvdGlzc2VyaWUgY2hpY2tlbg%3D%3D,Carving your Costco Rotisserie chicken by Paul Wittig,,costco_chicken
https://www.youtube.com/watch?v=BjnC7_7Aa5k&pp=ygUZY29zdGNvIHJvdGlzc2VyaWUgY2hpY2tlbg%3D%3D,ROTISSERIE CHICKEN BATTLE! (Costco vs. Ralphs),,costco_chicken
https://www.youtube.com/shorts/Vvt-IrHJ2qQ,,,costco_chicken
https://www.youtube.com/watch?v=LPHoq-P_iB8&pp=ygUZY29zdGNvIHJvdGlzc2VyaWUgY2hpY2tlbg%3D%3D,COSTCO ROTISSERIE CHICKEN CHALLENGE | EAT OFF | LOSER DOES 100 PUSH-UPS,,costco_chicken
https://www.youtube.com/watch?v=NyKNBhIJS6M&pp=ygUZY29zdGNvIHJvdGlzc2VyaWUgY2hpY2tlbg%3D%3D,Delicious Costco pulled rotisserie chicken stir fry,,costco_chicken
https://www.youtube.com/watch?v=q336EXCMwhc&pp=ygUZY29zdGNvIHJvdGlzc2VyaWUgY2hpY2tlbg%3D%3D,TRY This Left Over Rotisserie Chicken Costco | Quick and Easy Chicken Salad Sandwich,,costco_chicken
https://www.youtube.com/watch?v=xxe1dDeW4FY&pp=ygUZY29zdGNvIHJvdGlzc2VyaWUgY2hpY2tlbg%3D%3D,HOLY Buckets Halal Rotisserie Chicken! HMS Certified! Halal Costco Rotisserie Style Chicken??,,costco_chicken
https://www.youtube.com/shorts/X8situv_4cw,,,costco_chicken
https://www.youtube.com/watch?v=Kp2YYB2N5dE&pp=ygUZY29zdGNvIHJvdGlzc2VyaWUgY2hpY2tlbg%3D%3D,ASMR Costco Rotisserie Chicken Mukbang,,costco_chicken
https://www.youtube.com/shorts/3YeUwQqrqu0,,,costco_chicken
https://www.youtube.com/watch?v=x-grbRZCfMQ&pp=ygUZY29zdGNvIHJvdGlzc2VyaWUgY2hpY2tlbg%3D%3D,COSTCO FOOD CHALLENGE FT PRO EATERS | 39LBS OF ROTISSERIE CHICKEN AND FRIES,,costco_chicken
https://www.youtube.com/watch?v=T8uWKXt8C_c&pp=ygUZY29zdGNvIHJvdGlzc2VyaWUgY2hpY2tlbg%3D%3D,8 minutes of my dog eating a Costco Rotisserie chicken.,,costco_chicken
https://www.youtube.com/watch?v=g7yecNZrVeU&pp=ygUZY29zdGNvIHJvdGlzc2VyaWUgY2hpY2tlbg%3D%3D,Delicious Chicken Noodle With Rosemary Using Costco Rotisserie Chicken,,costco_chicken
https://www.youtube.com/watch?v=AVCj2s5IGX8&pp=ygUZY29zdGNvIHJvdGlzc2VyaWUgY2hpY2tlbg%3D%3D,THE BUYER'S GUIDE TO ROTISSERIE CHICKEN | BEST CLIPS,,costco_chicken
https://www.youtube.com/watch?v=aNMednOWW4c&pp=ygUZY29zdGNvIHJvdGlzc2VyaWUgY2hpY2tlbg%3D%3D,"Freeze Drying Your First 500 lbs of Food - Batch 25 - Chicken, Costco, Rotisserie",,costco_chicken
https://www.youtube.com/watch?v=JtLaaKSZmuE&pp=ygUZY29zdGNvIHJvdGlzc2VyaWUgY2hpY2tlbg%3D%3D,Is This Air Fryer Roast Chicken Better Than The Costco Rotisserie Chicken?,,costco_chicken
https://www.youtube.com/watch?v=8cg55m0nNIs&pp=ygUZY29zdGNvIHJvdGlzc2VyaWUgY2hpY2tlbg%3D%3D,Chicken Noodle Soup from Costco,,costco_chicken
https://www.youtube.com/watch?v=SDbrJ0O_wCE&pp=ygUZY29zdGNvIHJvdGlzc2VyaWUgY2hpY2tlbg%3D%3D,HARDT - Inferno 4500 - electric rotisseries - chicken cooking at Costco,,costco_chicken
https://www.youtube.com/watch?v=9bIOtAMd_As&pp=ygUZY29zdGNvIHJvdGlzc2VyaWUgY2hpY2tlbg%3D%3D,SIMPLE CHICKEN QUESADILLAS Made With Rotisserie Chicken,,costco_chicken
https://www.youtube.com/watch?v=e-b209Mkyes&pp=ygUZY29zdGNvIHJvdGlzc2VyaWUgY2hpY2tlbg%3D%3D,"How To Make Bone Broth From Costco Rotisserie Chicken, Instant Pot. Pro Tip at The End : Daniels DIY",,costco_chicken
https://www.youtube.com/watch?v=Jc8Xb4sTDkM&pp=ygUZY29zdGNvIHJvdGlzc2VyaWUgY2hpY2tlbg%3D%3D,A great recipe for rotisserie chicken noodle soup,,costco_chicken
https://www.youtube.com/watch?v=LDzgu2aL9NI&pp=ygUZY29zdGNvIHJvdGlzc2VyaWUgY2hpY2tlbg%3D%3D,Costco Rotisserie Chicken,,costco_chicken
https://www.youtube.com/shorts/kIyUiW_Ph0M,,,costco_chicken
https://www.youtube.com/watch?v=JmfZoMJjHxc&pp=ygUZY29zdGNvIHJvdGlzc2VyaWUgY2hpY2tlbg%3D%3D,Chicken Salad Sandwich | Leftover Costco Rotisserie Chicken Recipe,,costco_chicken
https://www.youtube.com/shorts/axc9dUloLfU,,,costco_chicken
https://www.youtube.com/watch?v=DiK2Rkaj9fo&pp=ygUZY29zdGNvIHJvdGlzc2VyaWUgY2hpY2tlbg%3D%3D,Costco Rotisserie Chicken And Cheese Bagels | Gay Family Mukbang (Î®πÎ∞©) - Eating Show,,costco_chicken
https://www.youtube.com/shorts/LgddttZX4p0,,,costco_chicken
https://www.youtube.com/watch?v=O1IusTHQMPg&pp=ygUZY29zdGNvIHJvdGlzc2VyaWUgY2hpY2tlbg%3D%3D,Which Grocery Store Has The Best Rotisserie Chicken?,,costco_chicken
https://www.youtube.com/shorts/myedDEEz6B0,,,costco_chicken
https://www.youtube.com/watch?v=CdDsTdnAewY&pp=ygUZY29zdGNvIHJvdGlzc2VyaWUgY2hpY2tlbg%3D%3D,COSTCO ROASTED CHICKEN FEAST In LA! Juicy Rotisserie Chicken - Mukbang w/ Asmr Eating,,costco_chicken
https://www.youtube.com/watch?v=dFNDj9sIUXE&pp=ygUZY29zdGNvIHJvdGlzc2VyaWUgY2hpY2tlbg%3D%3D,COSTCO Spicy Miso Garlic Chicken Ramen (From Rotisserie Chicken) | JMah Cooks,,costco_chicken
https://www.youtube.com/watch?v=4bM0AEdV_FQ&pp=ygUZY29zdGNvIHJvdGlzc2VyaWUgY2hpY2tlbg%3D%3D,10 Grocery Store Rotisserie Chickens Ranked WORST to BEST,,costco_chicken
https://www.youtube.com/watch?v=O5RxwM5PVN4&pp=ygUZY29zdGNvIHJvdGlzc2VyaWUgY2hpY2tlbg%3D%3D,Making Costco Rotisserie BEST Chicken Stock (easy),,costco_chicken
https://www.youtube.com/watch?v=5WBPT9fT0iU&pp=ygUZY29zdGNvIHJvdGlzc2VyaWUgY2hpY2tlbg%3D%3D,Costco Rotisserie Chicken,,costco_chicken
https://www.youtube.com/watch?v=CW8C32YynXE&pp=ygUZY29zdGNvIHJvdGlzc2VyaWUgY2hpY2tlbg%3D%3D,Rotisserie Chicken RE-HEATED in Cosori Air Fryer - #1945,,costco_chicken
https://www.youtube.com/watch?v=Gj8dR7pakoM&pp=ygUZY29zdGNvIHJvdGlzc2VyaWUgY2hpY2tlbg%3D%3D,Costco Rotisserie Chicken|Kirkland Signature|How to put tomato sauce on Pizza machine|Costco Pizza|,,costco_chicken
https://www.youtube.com/watch?v=p4AQY1BIg7g&pp=ygUZY29zdGNvIHJvdGlzc2VyaWUgY2hpY2tlbg%3D%3D,Costco Chicken Enchilada Taste Test and Review,,costco_chicken
https://www.youtube.com/watch?v=K5U8POlgwFE&pp=ygUZY29zdGNvIHJvdGlzc2VyaWUgY2hpY2tlbg%3D%3D,Kirkland Enchilada bake with rotisserie chicken | Costco food review!,,costco_chicken
https://www.youtube.com/shorts/PMrBn9Gl4MU,,,costco_chicken
https://www.youtube.com/watch?v=D0lOrRnM5as&pp=ygUZY29zdGNvIHJvdGlzc2VyaWUgY2hpY2tlbg%3D%3D,How to make PERFECT ROTISSERIE STYLE CHICKEN in the OVEN | Better Than Costco | Recipe for Real Life,,costco_chicken
https://www.youtube.com/shorts/uS-nn7IYL6E,,,costco_chicken
https://www.youtube.com/watch?v=D23NBdUY1eg&pp=ygUZY29zdGNvIHJvdGlzc2VyaWUgY2hpY2tlbg%3D%3D,Best Oven Roasted Chicken Recipe | Better than Costco Rotisserie Chicken! A must try when so simple!,,costco_chicken
https://www.youtube.com/watch?v=tz8utecIP8k&pp=ygUZY29zdGNvIHJvdGlzc2VyaWUgY2hpY2tlbg%3D%3D,ASMR 1 COSTCO ROTISSERIE CHICKEN,,costco_chicken
https://www.youtube.com/shorts/jMxY3XtRxUk,,,costco_chicken
https://www.youtube.com/shorts/QPA56RMfvko,,,costco_chicken
https://www.youtube.com/shorts/wSnHS81C-F4,,,costco_chicken
https://www.youtube.com/watch?v=Kfq_lEfzdhQ&pp=ygUZY29zdGNvIHJvdGlzc2VyaWUgY2hpY2tlbg%3D%3D,Costco rotisserie chicken,,costco_chicken
https://www.youtube.com/shorts/V6o8_vR3iRU,,,costco_chicken
https://www.youtube.com/watch?v=xvYZtYO3HP4&pp=ygUZY29zdGNvIHJvdGlzc2VyaWUgY2hpY2tlbg%3D%3D,Eating Costco Asian Wrap with Rotisserie Chicken,,costco_chicken
https://www.youtube.com/watch?v=gFNTo77t3YE&pp=ygUZY29zdGNvIHJvdGlzc2VyaWUgY2hpY2tlbg%3D%3D,How to Make Gravy from a Rotisserie Chicken,,costco_chicken
https://www.youtube.com/watch?v=uqEcpw7pixk&pp=ygUZY29zdGNvIHJvdGlzc2VyaWUgY2hpY2tlbg%3D%3D,Costco Rotisserie Chicken Review Teaser,,costco_chicken
https://www.youtube.com/watch?v=wSAMbAvt5uI&pp=ygUZY29zdGNvIHJvdGlzc2VyaWUgY2hpY2tlbg%3D%3D,ASMR Costco Rotisserie Chicken | Eating Sounds | Light Whispers | Nana Eats,,costco_chicken
https://www.youtube.com/shorts/MzhWeWZ4uhE,,,costco_chicken
https://www.youtube.com/watch?v=w0qNReJz0jg&pp=ygUZY29zdGNvIHJvdGlzc2VyaWUgY2hpY2tlbg%3D%3D,Costco Rotisserie Chicken and Bacon Wrap!,,costco_chicken
https://www.youtube.com/watch?v=Tm582dF1fS4&pp=ygUZY29zdGNvIHJvdGlzc2VyaWUgY2hpY2tlbg%3D%3D,COSTCO ROTISSERIE CHICKEN// Chicken SISIG with Chicharron and Egg,,costco_chicken
https://www.youtube.com/watch?v=qEgmc3LlOlo&pp=ygUZY29zdGNvIHJvdGlzc2VyaWUgY2hpY2tlbg%3D%3D,Costco Rotisserie chicken food review.,,costco_chicken
https://www.youtube.com/shorts/sENfHSbd-aU,,,costco_chicken
https://www.youtube.com/watch?v=51uc7Iy31l4&pp=ygUZY29zdGNvIHJvdGlzc2VyaWUgY2hpY2tlbg%3D%3D,Lechon Manok | Quick Lunch | COSTCO Rotisserie Chicken,,costco_chicken
https://www.youtube.com/shorts/vQl1_I0IbYU,,,costco_chicken
https://www.youtube.com/watch?v=u86x-AOjkDQ&pp=ygUZY29zdGNvIHJvdGlzc2VyaWUgY2hpY2tlbg%3D%3D,How to Carve Cut a COSTCO Rotisserie Chicken Like an EXPERT chef,,costco_chicken
https://www.youtube.com/shorts/iXhKnVi9kNI,,,costco_chicken
https://www.youtube.com/watch?v=cT0HQ4hD-uY&pp=ygUZY29zdGNvIHJvdGlzc2VyaWUgY2hpY2tlbg%3D%3D,The Truth Behind Costco‚Äôs $5 Rotisserie Chicken || Hidden Ingredients In Rotisserie Chicken,,costco_chicken
https://www.youtube.com/shorts/_RPrCKENsDw,,,costco_chicken
https://www.youtube.com/watch?v=6pLSr2BbnjQ&pp=ygUZY29zdGNvIHJvdGlzc2VyaWUgY2hpY2tlbg%3D%3D,THE FAMOUS COSTCO ROTISSERIE CHICKEN! | A Day Trip to Costco Japan,,costco_chicken
https://www.youtube.com/shorts/hkTPMvhFJjQ,,,costco_chicken
https://www.youtube.com/shorts/X3yLnrLYieE,,,costco_chicken
https://www.youtube.com/watch?v=oPp-LOULNlg&pp=ygUZY29zdGNvIHJvdGlzc2VyaWUgY2hpY2tlbg%3D%3D,Giant Roasted Chicken Mukbang | Costco Rotisserie Chicken,,costco_chicken
https://www.youtube.com/watch?v=zyIjvytmhh0&pp=ygUZY29zdGNvIHJvdGlzc2VyaWUgY2hpY2tlbg%3D%3D,ROTISSERIE CHICKEN PHO GA RECIPE #shorts,,costco_chicken
https://www.youtube.com/watch?v=LmAkSk0R1h0&pp=ygUZY29zdGNvIHJvdGlzc2VyaWUgY2hpY2tlbg%3D%3D,Pressure Canning A Rotisserie Chicken,,costco_chicken
https://www.youtube.com/watch?v=0a77xedvPDw&pp=ygUZY29zdGNvIHJvdGlzc2VyaWUgY2hpY2tlbg%3D%3D,Chicken Ramen Using Costco Rotisserie Chicken,,costco_chicken
https://www.youtube.com/watch?v=1azrIUXA99c&pp=ygUZY29zdGNvIHJvdGlzc2VyaWUgY2hpY2tlbg%3D%3D,Costco rotisserie chicken is back! LOL,,costco_chicken
https://www.youtube.com/watch?v=Dd2gtOAbFjY&pp=ygUZY29zdGNvIHJvdGlzc2VyaWUgY2hpY2tlbg%3D%3D,Rotisserie Chicken Fried Rice #costcorotisserie #costcochicken #Masarap #Yummy,,costco_chicken
https://www.youtube.com/watch?v=osfsSG2nALE&pp=ygUZY29zdGNvIHJvdGlzc2VyaWUgY2hpY2tlbg%3D%3D,Costco Chicken Enchiladas Review,,costco_chicken
https://www.youtube.com/watch?v=5XCApFEP8R0&pp=ygUZY29zdGNvIHJvdGlzc2VyaWUgY2hpY2tlbg%3D%3D,How to Can Left Over Rotisserie Chicken #Canning #Rotisserie_Chicken #Prepping #survivalism,,costco_chicken
https://www.youtube.com/shorts/1VQVFaGNorw,,,costco_chicken
https://www.youtube.com/watch?v=JKU7KPR8Zjg&pp=ygUZY29zdGNvIHJvdGlzc2VyaWUgY2hpY2tlbg%3D%3D,Filipino Style Chicken Salad Using Costco Rotisserie Chicken,,costco_chicken
https://www.youtube.com/watch?v=w4h3ez_0CNs&pp=ygUZY29zdGNvIHJvdGlzc2VyaWUgY2hpY2tlbg%3D%3D,Chicken Fried Rice with Lemon Grass Using Costco Rotisserie Chicken,,costco_chicken
https://www.youtube.com/shorts/oy1j-eO3zz4,,,costco_chicken
https://www.youtube.com/watch?v=q8j4GDzweJc&pp=ygUZY29zdGNvIHJvdGlzc2VyaWUgY2hpY2tlbg%3D%3D,Costco Rotisserie Chicken Dinner Part 1 #Meal on a budget,,costco_chicken
https://www.youtube.com/watch?v=eecGr1hzQYE&pp=ygUZY29zdGNvIHJvdGlzc2VyaWUgY2hpY2tlbg%3D%3D,how to not eat a costco rotisserie chicken,,costco_chicken
https://www.youtube.com/shorts/iKwr0pTc-4A,,,costco_chicken
https://www.youtube.com/shorts/ajwnhoa-IBQ,,,costco_chicken
https://www.youtube.com/watch?v=BQ22U_AYBxA&pp=ygUZY29zdGNvIHJvdGlzc2VyaWUgY2hpY2tlbg%3D%3D,Costco Rotisserie Chicken RETRACTION,,costco_chicken
https://www.youtube.com/shorts/BqhxISQXZrU,,,costco_chicken
https://www.youtube.com/watch?v=lpIVeb6NSzE&pp=ygUZY29zdGNvIHJvdGlzc2VyaWUgY2hpY2tlbg%3D%3D,Chicken and Shrimp Spring Roll | Costco Rotisserie Chicken Recipe,,costco_chicken
https://www.youtube.com/watch?v=HwexwHr_l1E&pp=ygUZY29zdGNvIHJvdGlzc2VyaWUgY2hpY2tlbg%3D%3D,Costco Rotisserie Chicken Salad Hack,,costco_chicken
https://www.youtube.com/watch?v=burYvjbIRKg&pp=ygUZY29zdGNvIHJvdGlzc2VyaWUgY2hpY2tlbg%3D%3D,LECHON MANOK PAKSIW || COSTCO ROTISSERIE CHICKEN,,costco_chicken
https://www.youtube.com/watch?v=GQiVBes6HNY&pp=ygUZY29zdGNvIHJvdGlzc2VyaWUgY2hpY2tlbg%3D%3D,Whole Costco Rotisserie Chicken ‚Ä¢ MUKBANG,,costco_chicken
https://www.youtube.com/watch?v=LhZiWCiqYdw&pp=ygUZY29zdGNvIHJvdGlzc2VyaWUgY2hpY2tlbg%3D%3D,Costco Rotisserie Chicken Leftover Recipe - Chicken Adobo (Adobong Manok) Braised Chicken,,costco_chicken
https://www.youtube.com/watch?v=wmN3lCkCGQk&pp=ygUZY29zdGNvIHJvdGlzc2VyaWUgY2hpY2tlbg%3D%3D,Instant Pot Rotisserie Chicken Noodle Soup,,costco_chicken
https://www.youtube.com/watch?v=MVlARzvwUw0&pp=ygUZY29zdGNvIHJvdGlzc2VyaWUgY2hpY2tlbg%3D%3D,ASMR Whole COSTCO Rotisserie CHICKEN (NO TALKING) *SAVAGE EATING (HOMEMADE CHICKEN) | TBAR-ASMR,,costco_chicken
https://www.youtube.com/shorts/X0Bk1101deA,,,costco_chicken
https://www.youtube.com/shorts/lVRG5B2K-1M,,,costco_chicken
https://www.youtube.com/shorts/o1bVGh38Xso,,,costco_chicken
https://www.youtube.com/shorts/NJ3MDNjGhgo,,,costco_chicken
https://www.youtube.com/watch?v=wAmi7RXuOx0&pp=ygUZY29zdGNvIHJvdGlzc2VyaWUgY2hpY2tlbg%3D%3D,costco rotisserie chicken,,costco_chicken
https://www.youtube.com/shorts/0KPEZ8NUGSk,,,costco_chicken
https://www.youtube.com/watch?v=1HpkmVOwFPs&pp=ygUZY29zdGNvIHJvdGlzc2VyaWUgY2hpY2tlbg%3D%3D,Fresh Take Costco‚Äôs Rotisserie Chicken Supply Is At Risk Why Food Should,,costco_chicken
https://www.youtube.com/watch?v=Rv9JKLhY5oE&pp=ygUZY29zdGNvIHJvdGlzc2VyaWUgY2hpY2tlbg%3D%3D,Homemade Chicken Pot Pie Recipe with Costco's Rotisserie Chicken,,costco_chicken
https://www.youtube.com/shorts/rH6TmiHrvfA,,,costco_chicken
https://www.youtube.com/watch?v=J9hqtbFqiEo&pp=ygUZY29zdGNvIHJvdGlzc2VyaWUgY2hpY2tlbg%3D%3D,Meal Prep With a Rotisserie Chicken so You Don't Have to Cook | Teriyaki Rotisserie Chicken Bowls,,costco_chicken
https://www.youtube.com/watch?v=0jcRHiofGOM&pp=ygUZY29zdGNvIHJvdGlzc2VyaWUgY2hpY2tlbg%3D%3D,Crockpot Rotisserie Chicken (move over Costco and Sam's),,costco_chicken
https://www.youtube.com/shorts/BQNt_yvvqMc,,,costco_chicken
https://www.youtube.com/watch?v=L3dEKS9yYSc&pp=ygUZY29zdGNvIHJvdGlzc2VyaWUgY2hpY2tlbg%3D%3D,Homemade Chicken Broth from Leftover Rotisserie Chicken| Costco Rotisserie Chicken Bone Broth,,costco_chicken
https://www.youtube.com/shorts/iKPKrrRzP9k,,,costco_chicken
https://www.youtube.com/shorts/dvGe1IeGFCg,,,costco_chicken
https://www.youtube.com/watch?v=2rAD2H54xvw&pp=ygUZY29zdGNvIHJvdGlzc2VyaWUgY2hpY2tlbg%3D%3D,Quick & Easy Creamy Costco Rotisserie Chicken Pasta Recipe,,costco_chicken
https://www.youtube.com/watch?v=TPGDi1pm8Nk&pp=ygUZY29zdGNvIHJvdGlzc2VyaWUgY2hpY2tlbg%3D%3D,YTP Joey Goes Gobble Gobble For Costco Rotisserie Chicken,,costco_chicken
https://www.youtube.com/shorts/f6nCkwESBjA,,,costco_chicken
https://www.youtube.com/watch?v=U8zYVaqA_9o&pp=ygUZY29zdGNvIHJvdGlzc2VyaWUgY2hpY2tlbg%3D%3D,Freeze dried Costco rotisserie chicken for delicious quick meals!,,costco_chicken
https://www.youtube.com/shorts/XGrbm_oQXGU,,,costco_chicken
https://www.youtube.com/watch?v=Hm7XSgsMsHA&pp=ygUZY29zdGNvIHJvdGlzc2VyaWUgY2hpY2tlbg%3D%3D,Bone Broth Recipe from Costco Rotisserie Chicken,,costco_chicken
https://www.youtube.com/watch?v=y6uB4EWiOns&pp=ygUZY29zdGNvIHJvdGlzc2VyaWUgY2hpY2tlbg%3D%3D,Recycled Chicken Adobo (Costco‚Äôs Roasted Chicken nilutong Pa-Adobo),,costco_chicken
https://www.youtube.com/watch?v=5G2Lk-y1TKk&pp=ygUZY29zdGNvIHJvdGlzc2VyaWUgY2hpY2tlbg%3D%3D,COSTCO ROTISSERIE CHICKEN watch me eat with my hands,,costco_chicken
https://www.youtube.com/watch?v=o8CVG_j9w60&pp=ygUZY29zdGNvIHJvdGlzc2VyaWUgY2hpY2tlbg%3D%3D,costco rotisserie chicken tikki,,costco_chicken
https://www.youtube.com/watch?v=GgGKoo6YpoA&pp=ygUZY29zdGNvIHJvdGlzc2VyaWUgY2hpY2tlbg%3D%3D,Appetizer - Asian Spicy Marinated Chicken from $5 Costco Rotisserie Chicken,,costco_chicken
https://www.youtube.com/shorts/AD_HEyl8xSI,,,costco_chicken
https://www.youtube.com/shorts/g_tqpz0NYuA,,,costco_chicken
https://www.youtube.com/shorts/WrpWNA5mEX8,,,costco_chicken
https://www.youtube.com/watch?v=Mdh5qStQWd0&pp=ygUZY29zdGNvIHJvdGlzc2VyaWUgY2hpY2tlbg%3D%3D,Costco Rotisserie Chicken Challenge,,costco_chicken
https://www.youtube.com/watch?v=OVP1piLZ9XQ&pp=ygUZY29zdGNvIHJvdGlzc2VyaWUgY2hpY2tlbg%3D%3D,Why You Should Absolutely Never Buy Poultry From Costco,,costco_chicken
https://www.youtube.com/watch?v=PEki-DfUXcE&pp=ygUZY29zdGNvIHJvdGlzc2VyaWUgY2hpY2tlbg%3D%3D,Rotisserie chicken at the back of Costco,,costco_chicken
https://www.youtube.com/watch?v=8jeNCiJCDSA&pp=ygUZY29zdGNvIHJvdGlzc2VyaWUgY2hpY2tlbg%3D%3D,MUKBANG - Costco Rotisserie Chicken! So good!,,costco_chicken
https://www.youtube.com/shorts/k89OcGeRXWI,,,costco_chicken
https://www.youtube.com/watch?v=I0BmUhbTHRQ&pp=ygUZY29zdGNvIHJvdGlzc2VyaWUgY2hpY2tlbg%3D%3D,COSTCO ROTISSERIE CHICKEN CHALLENGE,,costco_chicken
https://www.youtube.com/watch?v=6mdcP1q_AAE&pp=ygUZY29zdGNvIHJvdGlzc2VyaWUgY2hpY2tlbg%3D%3D,COSTCO GROCERY HAUL & MUKBANG ‚Ä¢ Trying COSTCO Rotisserie Chicken for the FIRST TIME ‚Ä¢ I spent $700?!,,costco_chicken
https://www.youtube.com/shorts/WgXMBpNyVKU,,,costco_chicken
https://www.youtube.com/watch?v=N3ohfgapNw4&pp=ygUZY29zdGNvIHJvdGlzc2VyaWUgY2hpY2tlbg%3D%3D,Food Storage: Freeze Dried Rotisserie Chicken and Bone Broth,,costco_chicken
https://www.youtube.com/shorts/muTF1JLD75E,,,costco_chicken
https://www.youtube.com/shorts/pxYJQqTXHH8,,,costco_chicken
https://www.youtube.com/watch?v=oC6o_VJSi8w&pp=ygUZY29zdGNvIHJvdGlzc2VyaWUgY2hpY2tlbg%3D%3D,Cook the Costco rotisserie Chicken and the eggplant this way the result is amazing. Easy to make.,,costco_chicken
https://www.youtube.com/watch?v=pHOSex0Atmw&pp=ygUZY29zdGNvIHJvdGlzc2VyaWUgY2hpY2tlbg%3D%3D,How Many Costco Rotisserie Chickens Can I Eat In An Hour? [Feast Challenge],,costco_chicken
https://www.youtube.com/shorts/VqWvq1LbiIg,,,costco_chicken
https://www.youtube.com/watch?v=5P4aE9V7594&pp=ygUZY29zdGNvIHJvdGlzc2VyaWUgY2hpY2tlbg%3D%3D,Kirkland Signature (Costco) Greek Pasta with Rotisserie Chicken & Dressing Review,,costco_chicken
https://www.youtube.com/shorts/4x4WuPuC8S8,,,costco_chicken
https://www.youtube.com/shorts/C1HWiIxSxUs,,,costco_chicken
https://www.youtube.com/shorts/Ro2ukAGjpGI,,,costco_chicken
https://www.youtube.com/watch?v=6d8B7RAx_CE&pp=ygUZY29zdGNvIHJvdGlzc2VyaWUgY2hpY2tlbg%3D%3D,How to make simple delicious noodles soup with Costco rotisserie chicken. #retiredsam‚Äôslife,,costco_chicken
https://www.youtube.com/shorts/M5oGlgB7vbY,,,costco_chicken
https://www.youtube.com/shorts/F3-1U8Oba0k,,,costco_chicken
https://www.youtube.com/watch?v=M9MXmr4Qr24&pp=ygUZY29zdGNvIHJvdGlzc2VyaWUgY2hpY2tlbg%3D%3D,i gave a costco rotisserie chicken to stray cats,,costco_chicken
https://www.youtube.com/shorts/_8r18slLVbU,,,costco_chicken
https://www.youtube.com/watch?v=OAl4iaITI8E&pp=ygUZY29zdGNvIHJvdGlzc2VyaWUgY2hpY2tlbg%3D%3D,Look What You Can Make with - COSTCO Rotisserie Chicken,,costco_chicken
https://www.youtube.com/watch?v=ZziwFyLFrZE&pp=ygUZY29zdGNvIHJvdGlzc2VyaWUgY2hpY2tlbg%3D%3D,Costco's Enchilada Bake with Rotisserie Chicken,,costco_chicken
https://www.youtube.com/shorts/HHEerth87bs,,,costco_chicken
https://www.youtube.com/shorts/i7V5z0r-Mng,,,costco_chicken
https://www.youtube.com/watch?v=552gAuQsiq0&pp=ygUZY29zdGNvIHJvdGlzc2VyaWUgY2hpY2tlbg%3D%3D,"Kickin Chicken Corn Chowder Recipe - Costco Rotisserie Chicken - Bulk Buy, Batch Cook, Portion Pack",,costco_chicken
https://www.youtube.com/watch?v=k2kfSwVBsu8&pp=ygUZY29zdGNvIHJvdGlzc2VyaWUgY2hpY2tlbg%3D%3D,How to breakdown a Costco / BJ‚ÄôS / Sam‚Äôs Club Rotisserie Chicken,,costco_chicken
https://www.youtube.com/watch?v=jY6MtX0KT1E&pp=ygUZY29zdGNvIHJvdGlzc2VyaWUgY2hpY2tlbg%3D%3D,Costco Rotisserie Chicken Salad Warning,,costco_chicken
https://www.youtube.com/shorts/u8mOR-_VPH8,,,costco_chicken
https://www.youtube.com/watch?v=PXlSkQzOfOU&pp=ygUZY29zdGNvIHJvdGlzc2VyaWUgY2hpY2tlbg%3D%3D,Chicken Bones to Bone Broth (Even from a rotisserie chicken!),,costco_chicken
https://www.youtube.com/watch?v=oxCZTV8VHb4&pp=ygUZY29zdGNvIHJvdGlzc2VyaWUgY2hpY2tlbg%3D%3D,Make bone broth using Costco rotisserie chicken for your pet,,costco_chicken
https://www.youtube.com/watch?v=kEVq_ApswKU&pp=ygUZY29zdGNvIHJvdGlzc2VyaWUgY2hpY2tlbg%3D%3D,Costco Yakisoba Noodles With Rotisserie Chicken Review,,costco_chicken
https://www.youtube.com/watch?v=o_oMxyoftYw&pp=ygUZY29zdGNvIHJvdGlzc2VyaWUgY2hpY2tlbg%3D%3D,COSTCO ROTISSERIE CHICKEN WITH GRAVY | MUKBANG PHILIPPINES | WITH @AkisASMR,,costco_chicken
https://www.youtube.com/watch?v=GfwAb1t31SE&pp=ygUZY29zdGNvIHJvdGlzc2VyaWUgY2hpY2tlbg%3D%3D,eating a costco rotisserie chicken in one sitting,,costco_chicken
https://www.youtube.com/watch?v=6lTVe6maGqw&pp=ygUZY29zdGNvIHJvdGlzc2VyaWUgY2hpY2tlbg%3D%3D,I Try Costco's $4 Rotisserie Chicken,,costco_chicken
https://www.youtube.com/watch?v=-OI099RtbF8&t=8s&pp=ygUZY29zdGNvIHJvdGlzc2VyaWUgY2hpY2tlbg%3D%3D,Costco Rotisserie Chicken hack! Get 3 separate sets of meals from 1 $5 chicken.,,costco_chicken
https://www.youtube.com/watch?v=BdNGWQdSlTQ&pp=ygUZY29zdGNvIHJvdGlzc2VyaWUgY2hpY2tlbg%3D%3D,"Chopped Chicken Salad, Ham & Manchego Cheese Sandwich, Costco Rotisserie Chicken Leftovers Vlog!",,costco_chicken
https://www.youtube.com/watch?v=VSEWycpogPk&pp=ygUZY29zdGNvIHJvdGlzc2VyaWUgY2hpY2tlbg%3D%3D,Leaving Dog Alone With WHOLE Chicken Rotisserie [Costco] | Leave it Challenge | Bernese Mountain Dog,,costco_chicken
https://www.youtube.com/shorts/zjWahvDRV7A,,,costco_chicken
https://www.youtube.com/shorts/m9ziMT9f2XQ,,,costco_chicken
https://www.youtube.com/watch?v=SH-5CLtzwsY&pp=ygUZY29zdGNvIHJvdGlzc2VyaWUgY2hpY2tlbg%3D%3D,Kirkland Signature (Costco) Roasted Chicken Sandwich & Caesar Salad Review,,costco_chicken
https://www.youtube.com/watch?v=_37VQrNS6fE&pp=ygUZY29zdGNvIHJvdGlzc2VyaWUgY2hpY2tlbg%3D%3D,Can You get A Rotisserie Chicken At The New Shanghai Costco?,,costco_chicken
https://www.youtube.com/shorts/A6ShTlIn62c,,,costco_chicken
https://www.youtube.com/shorts/bMTTSX6HEDI,,,costco_chicken
https://www.youtube.com/watch?v=KgvwYYskOFY&pp=ygUZY29zdGNvIHJvdGlzc2VyaWUgY2hpY2tlbg%3D%3D,WARNING: When going to Costco for Rotisserie Chicken//Bad for your bank account!/,,costco_chicken
https://www.youtube.com/watch?v=gnUen7qsDEE&pp=ygUZY29zdGNvIHJvdGlzc2VyaWUgY2hpY2tlbg%3D%3D,Koko vs Costco Rotisserie Chicken,,costco_chicken
https://www.youtube.com/watch?v=Kegizge1p2s&pp=ygUZY29zdGNvIHJvdGlzc2VyaWUgY2hpY2tlbg%3D%3D,How to make 4 meals & Chicken stock from a $5 Costco chicken Part 1,,costco_chicken
https://www.youtube.com/shorts/z8Rkpx5C3pE,,,costco_chicken
https://www.youtube.com/shorts/OMGUHUfXulo,,,costco_chicken
https://www.youtube.com/shorts/gMb98ZAYTK0,,,costco_chicken
https://www.youtube.com/watch?v=dBiw4Ohaz10&pp=ygUZY29zdGNvIHJvdGlzc2VyaWUgY2hpY2tlbg%3D%3D,Costco rotisserie Chicken review,,costco_chicken
https://www.youtube.com/watch?v=DNkrYMWyGfE&pp=ygUZY29zdGNvIHJvdGlzc2VyaWUgY2hpY2tlbg%3D%3D,How to Freeze Dry COSTCO ROTISSERIE CHICKEN! Step-by-step process with bonus DINNER RECIPE!,,costco_chicken
https://www.youtube.com/watch?v=Y4loD9V3-H0&pp=ygUZY29zdGNvIHJvdGlzc2VyaWUgY2hpY2tlbg%3D%3D,Whole Rotisserie Chicken ‚Ä¢ Savage Eating Sounds ‚Ä¢ MUKBANG,,costco_chicken
https://www.youtube.com/watch?v=Xj4fywDmw8U&pp=ygUZY29zdGNvIHJvdGlzc2VyaWUgY2hpY2tlbg%3D%3D,Costco Day Old 3/2 Rotisserie Chicken $5.99 and Ribs for 4.99/lb. 20% and 33% savings. Cheap.,,costco_chicken
https://www.youtube.com/watch?v=2AJFVWVyO70&pp=ygUZY29zdGNvIHJvdGlzc2VyaWUgY2hpY2tlbg%3D%3D,Eats Joaqui! - Costco Rotisserie Chicken,,costco_chicken
https://www.youtube.com/watch?v=T_rLMVRNrZI&pp=ygUZY29zdGNvIHJvdGlzc2VyaWUgY2hpY2tlbg%3D%3D,Dr. Hungry: JUICY AND TENDER Costco Rotisserie Chicken Mukbang W/ Chinese Eggplant Dish,,costco_chicken
https://www.youtube.com/watch?v=u0kaU-Im6hc&pp=ygUZY29zdGNvIHJvdGlzc2VyaWUgY2hpY2tlbg%3D%3D,Hunt your own Costco rotisserie chicken night,,costco_chicken
https://www.youtube.com/watch?v=0d_9SJta5go&pp=ygUZY29zdGNvIHJvdGlzc2VyaWUgY2hpY2tlbg%3D%3D,How to can rotisserie chicken,,costco_chicken
https://www.youtube.com/watch?v=fyb2sc_uap4&pp=ygUZY29zdGNvIHJvdGlzc2VyaWUgY2hpY2tlbg%3D%3D,How to Cook | Lechon Manok Paksiw | Costco's rotisserie chicken [Taiwan Vlog],,costco_chicken
https://www.youtube.com/watch?v=Iriwazvw2hw&pp=ygUZY29zdGNvIHJvdGlzc2VyaWUgY2hpY2tlbg%3D%3D,"I Freeze Dried and Rehydrate BBQ Pulled Pork, Costco Rotisserie Chicken, Cauliflower And Fig Cake.",,costco_chicken
https://www.youtube.com/watch?v=MGaWZLmBkSQ&pp=ygUZY29zdGNvIHJvdGlzc2VyaWUgY2hpY2tlbg%3D%3D,Costco's Famous Rotisserie Chicken,,costco_chicken
https://www.youtube.com/watch?v=sSB5R4f707w&pp=ygUZY29zdGNvIHJvdGlzc2VyaWUgY2hpY2tlbg%3D%3D,Best Rotisserie Chicken I've Ever Made | Better Than Costco #fyp,,costco_chicken
https://www.youtube.com/watch?v=TqGBcEeHcFk&pp=ygUZY29zdGNvIHJvdGlzc2VyaWUgY2hpY2tlbg%3D%3D,Spiceology X Costco Haul: Smoky Honey Habanero Rotisserie Chicken Pesto Sandwich Recipe,,costco_chicken
https://www.youtube.com/watch?v=MoxHQL48zhc&pp=ygUZY29zdGNvIHJvdGlzc2VyaWUgY2hpY2tlbg%3D%3D,E. coli in seven states linked to Costco chicken salad,,costco_chicken
https://www.youtube.com/watch?v=KgdN3MXmxtI&pp=ygUZY29zdGNvIHJvdGlzc2VyaWUgY2hpY2tlbg%3D%3D,COSTCO ROTISSERIE CHICKEN & CAESAR SALAD | What‚Äôs for Dinner? PHILLIPS FamBam,,costco_chicken
https://www.youtube.com/shorts/5F_lJmcCkDU,,,costco_chicken
https://www.youtube.com/watch?v=6or5nvc3dQQ&pp=ygUZY29zdGNvIHJvdGlzc2VyaWUgY2hpY2tlbg%3D%3D,What do you eat at Costco? The WHOLE rotisserie chicken???!!! Jive Guys #02,,costco_chicken
https://www.youtube.com/shorts/ighM4rDGwN8,,,costco_chicken
https://www.youtube.com/shorts/KDMmGEijoPg,,,costco_chicken
https://www.youtube.com/watch?v=O5JVZl2AZX0&pp=ygUZY29zdGNvIHJvdGlzc2VyaWUgY2hpY2tlbg%3D%3D,COSTCO rotisserie chicken pickup turns to entrepreneur rant üò° | ‚òÉÔ∏è‚ùÑÔ∏è VLOGMAS DAY 3‚ùÑÔ∏è‚òÉÔ∏è,,costco_chicken
https://www.youtube.com/watch?v=jHN94yRkE1E&pp=ygUZY29zdGNvIHJvdGlzc2VyaWUgY2hpY2tlbg%3D%3D,"THANKSGIVING FEAST MUKBANG! Turkey Stuffing, Costco Rotisserie Chicken, Mash Potatoes - Asmr Eating",,costco_chicken
https://www.youtube.com/watch?v=Uv_iXU9woFA&pp=ygUZY29zdGNvIHJvdGlzc2VyaWUgY2hpY2tlbg%3D%3D,Eating Costco Rotisserie Chicken Carcass,,costco_chicken
https://www.youtube.com/watch?v=GX-Ft17YcOE&pp=ygUZY29zdGNvIHJvdGlzc2VyaWUgY2hpY2tlbg%3D%3D,I will NEVER üëéüèΩ Buy a Costco Rotisserie Chicken üçó no wonder it‚Äôs $5,,costco_chicken
https://www.youtube.com/shorts/-Vt9Ha2LOVY,,,costco_chicken
https://www.youtube.com/shorts/KRIFQHZ5xwM,,,costco_chicken
https://www.youtube.com/watch?v=hBLAnh1CuS4&pp=ygUZY29zdGNvIHJvdGlzc2VyaWUgY2hpY2tlbg%3D%3D,Costco's BEST Rotisserie Chicken Lunch Ideaüí°,,costco_chicken
https://www.youtube.com/watch?v=d3fAB-sYLKE&pp=ygUZY29zdGNvIHJvdGlzc2VyaWUgY2hpY2tlbg%3D%3D,Kirkland Signature Seasoned Rotisserie Chicken and Roasted Garlic Chicken Legs (Costco Food Review),,costco_chicken
https://www.youtube.com/watch?v=pXC_xfT2TMI&pp=ygUZY29zdGNvIHJvdGlzc2VyaWUgY2hpY2tlbg%3D%3D,How to Break Down a Rotisserie Chicken & Easily Shred the Chicken,,costco_chicken
https://www.youtube.com/watch?v=uD0rYfm24lg&pp=ygUZY29zdGNvIHJvdGlzc2VyaWUgY2hpY2tlbg%3D%3D,Costco Rotisserie Chicken Review - $4.99 Deal Kirkland Signature Brand Unwrapping #foodreview,,costco_chicken
https://www.youtube.com/watch?v=FKTbfqHnWA8&pp=ygUZY29zdGNvIHJvdGlzc2VyaWUgY2hpY2tlbg%3D%3D,Green Chicken Chili | Rotisserie Challenge Ep. 1,,costco_chicken
https://www.youtube.com/watch?v=NwFfszWvvMc&pp=ygUZY29zdGNvIHJvdGlzc2VyaWUgY2hpY2tlbg%3D%3D,Costco's Rotisserie Chicken in 2014,,costco_chicken
https://www.youtube.com/watch?v=OpltwjDgGos&pp=ygUZY29zdGNvIHJvdGlzc2VyaWUgY2hpY2tlbg%3D%3D,TRYING COSTCO ROTISSERIE CHICKEN MUKBANG || GONE WRONG,,costco_chicken
https://www.youtube.com/watch?v=_9frGphKc1s&pp=ygUZY29zdGNvIHJvdGlzc2VyaWUgY2hpY2tlbg%3D%3D,DON'T THROW THIS AWAY! | Ping Pong Mama's Costco Rotisserie Chicken Broth,,costco_chicken
https://www.youtube.com/watch?v=R14Exr1-DMM&pp=ygUZY29zdGNvIHJvdGlzc2VyaWUgY2hpY2tlbg%3D%3D,Sur La Table Air Fryer From Costco Black Friday Sale First Review,,costco_chicken
https://www.youtube.com/shorts/vvM9tCHmEGE,,,costco_chicken
https://www.youtube.com/watch?v=CP1svJK8ypI&pp=ygUZY29zdGNvIHJvdGlzc2VyaWUgY2hpY2tlbg%3D%3D,Rotisserie Chicken Stir Fry | What To Do With Leftovers Chicken | How To Cook Stir Fry | #StirFry,,costco_chicken
https://www.youtube.com/watch?v=d3INtsqNnkI&pp=ygUZY29zdGNvIHJvdGlzc2VyaWUgY2hpY2tlbg%3D%3D,Leftover Rotisserie Chicken Waldorf Salad/Sandwich/Costco rotisserie chicken,,costco_chicken
https://www.youtube.com/watch?v=KtUjE0Wzf2c&pp=ygUZY29zdGNvIHJvdGlzc2VyaWUgY2hpY2tlbg%3D%3D,"Costco rotisserie chicken for 3 meals, lunch box done| CostcoÁÉ§È∏°‰∏ÄÈ∏°Â§öÂêÉÔºåÊêûÂÆö‰∏âÈ°øÈ•≠ÔºåËÄÅÂÖ¨Â≠©Â≠êÂ∏¶È•≠ÈÉΩ‰∏çÊÑÅÔºÅ",,costco_chicken
https://www.youtube.com/watch?v=saGrn__LrcM&pp=ygUZY29zdGNvIHJvdGlzc2VyaWUgY2hpY2tlbg%3D%3D,Costco New Zealand Food Court Food and Rotisserie Chicken Review,,costco_chicken
https://www.youtube.com/shorts/gytTtKYu8PI,,,costco_chicken
https://www.youtube.com/watch?v=AZN1cj-t3Vk&pp=ygUZY29zdGNvIHJvdGlzc2VyaWUgY2hpY2tlbg%3D%3D,"Costco Rotisserie Chicken, salad and shrimp ASMR",,costco_chicken
https://www.youtube.com/shorts/hViqyrMQibY,,,costco_chicken
https://www.youtube.com/shorts/vkGLZjWeiBQ,,,costco_chicken
https://www.youtube.com/watch?v=gReu3U5lUjQ&pp=ygUZY29zdGNvIHJvdGlzc2VyaWUgY2hpY2tlbg%3D%3D,rotisserie chicken at costco,,costco_chicken
https://www.youtube.com/shorts/Bqsdc-zRyl0,,,costco_chicken
https://www.youtube.com/watch?v=Ixtd8F8sE5Q&pp=ygUZY29zdGNvIHJvdGlzc2VyaWUgY2hpY2tlbg%3D%3D,vlog | Easy Farfalle Pasta Recipeüçù using Leftover Costco Rotisserie Chicken üçó,,costco_chicken
https://www.youtube.com/watch?v=yqiSZpGkajE&pp=ygUZY29zdGNvIHJvdGlzc2VyaWUgY2hpY2tlbg%3D%3D,SOFT TINGLY ASMR SOUNDS - COSTCO ROTISSERIE CHICKEN (EATING SOUNDS),,costco_chicken
https://www.youtube.com/shorts/6kRL8hheQxE,,,costco_chicken
https://www.youtube.com/watch?v=VcQADGWb2XY&pp=ygUZY29zdGNvIHJvdGlzc2VyaWUgY2hpY2tlbg%3D%3D,$5 Rotisserie Chicken from Costco,,costco_chicken
https://www.youtube.com/watch?v=6AiyOzVBFqc&pp=ygUZY29zdGNvIHJvdGlzc2VyaWUgY2hpY2tlbg%3D%3D,Vlog cooking leftover Costco Rotisserie Chicken - Frying it with spices (Cooking Vlog),,costco_chicken
https://www.youtube.com/shorts/8hy3e3pAWC8,,,costco_chicken
https://www.youtube.com/watch?v=qZJjjUf3R3Y&pp=ygUZY29zdGNvIHJvdGlzc2VyaWUgY2hpY2tlbg%3D%3D,Asmr/Muckbang Costco Whole Rotisserie Chicken.,,costco_chicken
https://www.youtube.com/watch?v=RVYFkjj6QgQ&pp=ygUZY29zdGNvIHJvdGlzc2VyaWUgY2hpY2tlbg%3D%3D,[Instant Pot] Korean Rice Chicken Porridge (feat. Costco rotisserie chicken) - Îã≠Ï£Ω Cooking Sounds,,costco_chicken
https://www.youtube.com/watch?v=WwMOiz9FqqU&pp=ygUZY29zdGNvIHJvdGlzc2VyaWUgY2hpY2tlbg%3D%3D,Can I Speed Eat a Costco Entire Rotisserie Chicken - and more!,,costco_chicken
https://www.youtube.com/shorts/RkVtSw3wl6A,,,costco_chicken
https://www.youtube.com/shorts/YIPC42K18sg,,,costco_chicken
https://www.youtube.com/watch?v=BpsGNxAKX-8&pp=ygUZY29zdGNvIHJvdGlzc2VyaWUgY2hpY2tlbg%3D%3D,Costco rotisserie chicken sisig / Air fryer chicken skin chicharon,,costco_chicken
https://www.youtube.com/watch?v=wg5ocNMn4zg&pp=ygUZY29zdGNvIHJvdGlzc2VyaWUgY2hpY2tlbg%3D%3D,Chicken stock with Costco rotisserie chicken bones,,costco_chicken
https://www.youtube.com/shorts/UzG908BO2h4,,,costco_chicken
https://www.youtube.com/watch?v=j9AZEQxBFJk&pp=ygUZY29zdGNvIHJvdGlzc2VyaWUgY2hpY2tlbg%3D%3D,ASMR WHOLE ROTISSERIE CHICKEN MUKBANG (No Talking) SAVAGE EATING SOUNDS | Zach Choi ASMR,,costco_chicken
https://www.youtube.com/watch?v=9w6qpDwFe18&pp=ygUZY29zdGNvIHJvdGlzc2VyaWUgY2hpY2tlbg%3D%3D,Rotisserie Chicken Breakfast Recipe,,costco_chicken
https://www.youtube.com/shorts/64RlWsFrIXc,,,costco_chicken
https://www.youtube.com/watch?v=owUitkVtubk&pp=ygUZY29zdGNvIHJvdGlzc2VyaWUgY2hpY2tlbg%3D%3D,The Best Way To Carve A Whole Chicken | Epicurious,,costco_chicken
https://www.youtube.com/watch?v=mMdaBajzJDA&pp=ygUZY29zdGNvIHJvdGlzc2VyaWUgY2hpY2tlbg%3D%3D,Costco Chicken Comes at a Huge Price,,costco_chicken
https://www.youtube.com/watch?v=avvWoInYVWo&pp=ygUZY29zdGNvIHJvdGlzc2VyaWUgY2hpY2tlbg%3D%3D,Turning this Bland Rotisserie Chicken to Gourmet Chicken and Vegetable Stir Fry,,costco_chicken
https://www.youtube.com/watch?v=NrbzJXH6vLM&pp=ygUZY29zdGNvIHJvdGlzc2VyaWUgY2hpY2tlbg%3D%3D,Review of Grilled Chicken Strips From Costco | Chef Dawg,,costco_chicken
https://www.youtube.com/shorts/LFSdaJ5uc10,,,costco_chicken
https://www.youtube.com/shorts/RxZzITbNWtk,,,costco_chicken
https://www.youtube.com/watch?v=QKijWbkF7Bk&pp=ygUZY29zdGNvIHJvdGlzc2VyaWUgY2hpY2tlbg%3D%3D,Rotisserie chicken to Shawarma Sandwich,,costco_chicken
https://www.youtube.com/watch?v=nD-yP1tx7pc&pp=ygUZY29zdGNvIHJvdGlzc2VyaWUgY2hpY2tlbg%3D%3D,Who has the healthiest rotisserie chicken?,,costco_chicken
https://www.youtube.com/watch?v=hpKfvHLQmNY&pp=ygUZY29zdGNvIHJvdGlzc2VyaWUgY2hpY2tlbg%3D%3D,$4.99 For A Costco's Rotisserie Chicken Very Cheapüòã,,costco_chicken
https://www.youtube.com/shorts/vIbZobMRmP8,,,costco_chicken
https://www.youtube.com/watch?v=QtcRRKnS2SI&pp=ygUZY29zdGNvIHJvdGlzc2VyaWUgY2hpY2tlbg%3D%3D,"Costco Has Great Ribs, Pastrami, Shrimp & Rotisserie Chicken",,costco_chicken
https://www.youtube.com/watch?v=SqtSIjrKEfc&pp=ygUZY29zdGNvIHJvdGlzc2VyaWUgY2hpY2tlbg%3D%3D,ÂÅöÈ•≠vlogÔΩúCostcoÁÉ§È∏°ÁöÑ‰∫îÁßçÂêÉÊ≥ïÔΩúCostco Rotisserie ChickenÔΩúÂåóÁæéÁîüÊ¥ª,,costco_chicken
https://www.youtube.com/shorts/tPxywPwK8t8,,,costco_chicken
https://www.youtube.com/watch?v=XyKMKhVKSTs&pp=ygUZY29zdGNvIHJvdGlzc2VyaWUgY2hpY2tlbg%3D%3D,Costco me Itni variety ki wine üò≥|How Rotisserie chicken is cooked,,costco_chicken
https://www.youtube.com/watch?v=wgczHOhfxWU&pp=ygUZY29zdGNvIHJvdGlzc2VyaWUgY2hpY2tlbg%3D%3D,ASMR Costco $5 Whole Rotisserie Chicken EATING SOUNDS - HUNGRY CAKES,,costco_chicken
https://www.youtube.com/watch?v=JLu3UHPvTuk&pp=ygUZY29zdGNvIHJvdGlzc2VyaWUgY2hpY2tlbg%3D%3D,COSTCO ROTISSERIE CHICKEN MUKBANG (EATING SHOW),,costco_chicken
https://www.youtube.com/watch?v=Tg4AK5xWQtE&pp=ygUZY29zdGNvIHJvdGlzc2VyaWUgY2hpY2tlbg%3D%3D,Coronavirus CoViD-19 Outbreak World Video USA: Costco Having A Rotisserie Chicken Sale In New York?,,costco_chicken
https://www.youtube.com/shorts/IaeB7isq20o,,,costco_chicken
https://www.youtube.com/watch?v=NFTdeUnAuWQ&pp=ygUZY29zdGNvIHJvdGlzc2VyaWUgY2hpY2tlbg%3D%3D,Ryan's Costco Haul / Best Rotisserie Chicken / My Lunch & Snacks,,costco_chicken
https://www.youtube.com/watch?v=_evG2m50IPA&pp=ygUZY29zdGNvIHJvdGlzc2VyaWUgY2hpY2tlbg%3D%3D,Simple Steps to the Perfect Rotisserie Chicken | Weber Grills,,costco_chicken
https://www.youtube.com/watch?v=hSwzTLBO9F8&pp=ygUZY29zdGNvIHJvdGlzc2VyaWUgY2hpY2tlbg%3D%3D,"Costco Rotisserie Chicken - fully utilize; not a cent is wasted Â•ΩÂ∏ÇÂ§ö ÁÉ§Èõû ÂêÉÁõ° Áî®Áõ°, ‰∏ÄÂàÜÈå¢‰πü‰∏çÊµ™Ë≤ª „Ç≥„Çπ„Éà„Ç≥ „ÉÅ„Ç≠„É≥ ÂçÅÂàÜ„Å´Ê¥ªÁî®",,costco_chicken
https://www.youtube.com/shorts/R1-NhbfmLE0,,,costco_chicken
https://www.youtube.com/watch?v=KqN2z8umPgU&pp=ygUZY29zdGNvIHJvdGlzc2VyaWUgY2hpY2tlbg%3D%3D,Salad T·ª´ G√† N∆∞·ªõng Costco | Costco‚Äôs Rotisserie Chicken Meal Idea | Rainbow Salad,,costco_chicken
https://www.youtube.com/watch?v=VzI9Jgii5sE&pp=ygUZY29zdGNvIHJvdGlzc2VyaWUgY2hpY2tlbg%3D%3D,Rehydrating 5 Year Old Freeze Dried Chicken (After Batch 571),,costco_chicken
https://www.youtube.com/shorts/ZbA-0cZCAuE,,,costco_chicken
https://www.youtube.com/watch?v=FA1lr9MBmdM&pp=ygUZY29zdGNvIHJvdGlzc2VyaWUgY2hpY2tlbg%3D%3D,"Costco Rotisserie chicken let's make ""PLAUTAS""",,costco_chicken
https://www.youtube.com/watch?v=-022wznNqtQ&pp=ygUZY29zdGNvIHJvdGlzc2VyaWUgY2hpY2tlbg%3D%3D,Costco Roasted Chicken Sandwich & Caesar Salad Review | Lunch Date Food Review,,costco_chicken
https://www.youtube.com/shorts/vzi7uI8mLls,,,costco_chicken
https://www.youtube.com/shorts/ibYAAeXzNvQ,,,costco_chicken
https://www.youtube.com/watch?v=7helogkJEeE&pp=ygUZY29zdGNvIHJvdGlzc2VyaWUgY2hpY2tlbg%3D%3D,Banned Costco Rotisserie Chicken Ad-HAPPY THANKSGIVING!,,costco_chicken
https://www.youtube.com/watch?v=XjhbmuthIHE&pp=ygUZY29zdGNvIHJvdGlzc2VyaWUgY2hpY2tlbg%3D%3D,ASMR Oatmeal Fufu with Costco Rotisserie Chicken üçó,,costco_chicken
https://www.youtube.com/watch?v=5JwIvIEbK3w&pp=ygUZY29zdGNvIHJvdGlzc2VyaWUgY2hpY2tlbg%3D%3D,11 easy ways to do up some Costco rotisserie chicken & Trader Joe's organic peas üêîü§ëüá∫üá∏,,costco_chicken
https://www.youtube.com/watch?v=chaQ0xGPtb4&pp=ygUZY29zdGNvIHJvdGlzc2VyaWUgY2hpY2tlbg%3D%3D,Repurposing Costco whole rotisserie chicken into bbq chicken on the grill!,,costco_chicken
https://www.youtube.com/watch?v=95dpIiuTfcU&pp=ygUZY29zdGNvIHJvdGlzc2VyaWUgY2hpY2tlbg%3D%3D,EATING WHOLE ROTISSERIE CHICKEN COUPLES CHALLENGE || MUKBANG WHOLE CHICKEN WITH SALSA || COSTCO 4K,,costco_chicken
https://www.youtube.com/shorts/pZonT15zbxs,,,costco_chicken
https://www.youtube.com/watch?v=QZDg1hlrtlk&pp=ygUZY29zdGNvIHJvdGlzc2VyaWUgY2hpY2tlbg%3D%3D,5 WAYS to use rotisserie chicken for dinner #subscribe,,costco_chicken
https://www.youtube.com/watch?v=Jc2_fT-tRkU&pp=ygUZY29zdGNvIHJvdGlzc2VyaWUgY2hpY2tlbg%3D%3D,Keith Eats Everything At Costco,,costco_chicken
https://www.youtube.com/watch?v=aGxAzdRlpGI&pp=ygUZY29zdGNvIHJvdGlzc2VyaWUgY2hpY2tlbg%3D%3D,How to Pull a Rotisserie Chicken: Shredded Chicken Made Easy!,,costco_chicken
https://www.youtube.com/watch?v=qXiJvnnjfSc&pp=ygUZY29zdGNvIHJvdGlzc2VyaWUgY2hpY2tlbg%3D%3D,FOOD INFLATION STINKS! - Publix Rotisserie Chicken - Is It Worth Your Hard Earned Money?,,costco_chicken
https://www.youtube.com/watch?v=km2eatn2GFc&pp=ygUZY29zdGNvIHJvdGlzc2VyaWUgY2hpY2tlbg%3D%3D,Costco Rotisserie Chicken - Don't Throw Away the Container ! Â•ΩÂ∏ÇÂ§ö ÁÉ§Èõû ÁõíÂ≠ê ÂçÉËê¨‰∏çË¶ÅÊ£ÑÊéâ Â§öÁî®ÈÄî „Ç≥„Çπ„Éà„Ç≥ „ÉÅ„Ç≠„É≥ Â§öÁõÆÁöÑ„Ç≥„É≥„ÉÜ„Éä,,costco_chicken
https://www.youtube.com/watch?v=7t0sitJs7QU&pp=ygUZY29zdGNvIHJvdGlzc2VyaWUgY2hpY2tlbg%3D%3D,Breaking Down a Rotisserie Chicken and Making Stock | Skills Lab #5,,costco_chicken
https://www.youtube.com/shorts/K_etFO8-tkE,,,costco_chicken
https://www.youtube.com/shorts/2RavK9VvKKk,,,costco_chicken
https://www.youtube.com/watch?v=Io8TjIMSggY&pp=ygUZY29zdGNvIHJvdGlzc2VyaWUgY2hpY2tlbg%3D%3D,"Cost Analysis: Comparing Rotisserie Chicken (Costco, Walmart, Market Basket & Homemade)",,costco_chicken
https://www.youtube.com/watch?v=rM_hDGR1jrs&pp=ygUZY29zdGNvIHJvdGlzc2VyaWUgY2hpY2tlbg%3D%3D,"COSTCO deals you should buy || February 11, 2023 #keso #steak #rotisserie chicken üßÄü•©üçó",,costco_chicken
https://www.youtube.com/watch?v=pJonzObiMg0&pp=ygUZY29zdGNvIHJvdGlzc2VyaWUgY2hpY2tlbg%3D%3D,Costco Chicken Alfredo Review and Cooking Instructions,,costco_chicken
https://www.youtube.com/watch?v=AwscZcj_qVA&pp=ygUZY29zdGNvIHJvdGlzc2VyaWUgY2hpY2tlbg%3D%3D,Rotisserie Chicken Deboning FAST!!!,,costco_chicken
https://www.youtube.com/watch?v=XFwMcC7GFN8&pp=ygUZY29zdGNvIHJvdGlzc2VyaWUgY2hpY2tlbg%3D%3D,Eating a Costco rotisserie chicken,,costco_chicken
https://www.youtube.com/shorts/TPfwxHumdpE,,,costco_chicken
https://www.youtube.com/shorts/ZXVlPrsKToI,,,costco_chicken
https://www.youtube.com/watch?v=vG4j9wChwOo&pp=ygUZY29zdGNvIHJvdGlzc2VyaWUgY2hpY2tlbg%3D%3D,What is the most popular Costco item?,,costco_chicken
https://www.youtube.com/watch?v=nYMloe170BQ&pp=ygUZY29zdGNvIHJvdGlzc2VyaWUgY2hpY2tlbg%3D%3D,Chicken cobbler takes over TikTok l GMA,,costco_chicken
https://www.youtube.com/shorts/qmUH6teYr_w,,,costco_chicken
https://www.youtube.com/shorts/PsBHIJ26fFY,,,costco_chicken
https://www.youtube.com/watch?v=VOqygG1_fQI&pp=ygUZY29zdGNvIHJvdGlzc2VyaWUgY2hpY2tlbg%3D%3D,Rotisserie Chicken - Juicy ROAST CHICKEN RECIPE,,costco_chicken
https://www.youtube.com/shorts/RYOlZ7YVG30,,,costco_chicken
https://www.youtube.com/watch?v=cWq_OQDBs6Q&pp=ygUZY29zdGNvIHJvdGlzc2VyaWUgY2hpY2tlbg%3D%3D,COSTCO BUSINESS CENTER - NEW & GREAT FINDS!,,costco_chicken
https://www.youtube.com/shorts/So-htMehH04,,,costco_chicken
https://www.youtube.com/shorts/38ES6w05Pdw,,,costco_chicken
https://www.youtube.com/watch?v=IY9Hgvr9VoY&pp=ygUZY29zdGNvIHJvdGlzc2VyaWUgY2hpY2tlbg%3D%3D,Costco Deals - Let's Shop,,costco_chicken
https://www.youtube.com/watch?v=-GW1GP_bBcU&pp=ygUZY29zdGNvIHJvdGlzc2VyaWUgY2hpY2tlbg%3D%3D,Trying the ENTIRE COSTCO FOOD COURT MENU for the FIRST Time!,,costco_chicken
https://www.youtube.com/watch?v=welJLrn5GI0&pp=ygUZY29zdGNvIHJvdGlzc2VyaWUgY2hpY2tlbg%3D%3D,Costco Shop W/ Me & Grocery Haul | Spring Alaska Prices $$$,,costco_chicken
https://www.youtube.com/watch?v=M9Ch3EsEFUw&pp=ygUZY29zdGNvIHJvdGlzc2VyaWUgY2hpY2tlbg%3D%3D,The Costco Run(ner),,costco_chicken
https://www.youtube.com/watch?v=zBGzBWgOaFA&pp=ygUZY29zdGNvIHJvdGlzc2VyaWUgY2hpY2tlbg%3D%3D,Chicken Squash Salad @BophaJonathansAdventureShow,,costco_chicken
https://www.youtube.com/watch?v=5K9brCRKND0&pp=ygUZY29zdGNvIHJvdGlzc2VyaWUgY2hpY2tlbg%3D%3D,"Terrible News at Home Depot! Stock Plummets, is Lowe's Next?",,costco_chicken
https://www.youtube.com/watch?v=Au7aucJIvOo&pp=ygUZY29zdGNvIHJvdGlzc2VyaWUgY2hpY2tlbg%3D%3D,The Perfect TERIYAKI CHICKEN,,costco_chicken
https://www.youtube.com/shorts/lNYJRr9lGhI,,,costco_chicken
https://www.youtube.com/watch?v=f1d3-P-wEkU&pp=ygUZY29zdGNvIHJvdGlzc2VyaWUgY2hpY2tlbg%3D%3D,Auckland Costco | New Zealand's First Costco,,costco_chicken
https://www.youtube.com/watch?v=e9QKp8dHbUc&pp=ygUZY29zdGNvIHJvdGlzc2VyaWUgY2hpY2tlbg%3D%3D,üö®MAY COSTCO ON A BUDGET? $175 Haul!,,costco_chicken
https://www.youtube.com/watch?v=1uusYDOaVvs&pp=ygUZY29zdGNvIHJvdGlzc2VyaWUgY2hpY2tlbg%3D%3D,"SAVINGS MONEY At Costco! 22 Items You Should Buy, Any Items Have Discounts @JennaHo @JennaHo99",,costco_chicken
https://www.youtube.com/watch?v=FXb2l5HvXBo&pp=ygUZY29zdGNvIHJvdGlzc2VyaWUgY2hpY2tlbg%3D%3D,Napoleon 64000 Rotisserie Basket Grill Accessory - HONEST Review,,costco_chicken
https://www.youtube.com/watch?v=Jx6ofbHOXEE&pp=ygUZY29zdGNvIHJvdGlzc2VyaWUgY2hpY2tlbg%3D%3D,I Tried Cosmopolitan's $38 Wicked Spoon Buffet in Las Vegas..,,costco_chicken
https://www.youtube.com/watch?v=2GPSvxg0M9s&pp=ygUZY29zdGNvIHJvdGlzc2VyaWUgY2hpY2tlbg%3D%3D,Chicken Kebab using Sur LaTable Air Fryer,,costco_chicken
https://www.youtube.com/watch?v=OdMQHp5EQ9w&pp=ygUZY29zdGNvIHJvdGlzc2VyaWUgY2hpY2tlbg%3D%3D,Whataburger¬Æ Buffalo Ranch Chicken Strip Sandwich Review! üêÉüêîü•™| theendorsement,,costco_chicken
https://www.youtube.com/watch?v=lu4yK_RNb5c&pp=ygUZY29zdGNvIHJvdGlzc2VyaWUgY2hpY2tlbg%3D%3D,We were the very FIRST customers inside Costco this morning! Monthly grocery haul for 5 (no list!!!),,costco_chicken
https://www.youtube.com/watch?v=4R_d3dRI6Y4&pp=ygUZY29zdGNvIHJvdGlzc2VyaWUgY2hpY2tlbg%3D%3D,Costco cake at its finest! #cake #costco #celebration #memories,,costco_chicken
https://www.youtube.com/watch?v=z-wYmrAleEc&pp=ygUZY29zdGNvIHJvdGlzc2VyaWUgY2hpY2tlbg%3D%3D,Top 10 Carnivore Foods That Will SAVE You Money,,costco_chicken
https://www.youtube.com/shorts/ALkmqU03wf8,,,costco_chicken
https://www.youtube.com/shorts/GxD6paFZwqc,,,costco_chicken
https://www.youtube.com/watch?v=igJ2DwwQikk&pp=ygUZY29zdGNvIHJvdGlzc2VyaWUgY2hpY2tlbg%3D%3D,üî¥*LIVE* Pokemon Card Giveaway Plus Investigating These Costco Tins. Expecting Zero Alt Arts.,,costco_chicken
https://www.youtube.com/watch?v=6iZaZv58aVE&pp=ygUZY29zdGNvIHJvdGlzc2VyaWUgY2hpY2tlbg%3D%3D,"Boss' Chicken and Pizza, Rapid City",,costco_chicken
https://www.youtube.com/watch?v=YIhNDgx1CAw&pp=ygUZY29zdGNvIHJvdGlzc2VyaWUgY2hpY2tlbg%3D%3D,Here we go.,,costco_chicken
https://www.youtube.com/watch?v=a0ijewBQcxs&pp=ygUZY29zdGNvIHJvdGlzc2VyaWUgY2hpY2tlbg%3D%3D,A week in the life of a corporate chef for a large automotive dealership group.,,costco_chicken
https://www.youtube.com/watch?v=IU2DAz3SQqI&pp=ygUZY29zdGNvIHJvdGlzc2VyaWUgY2hpY2tlbg%3D%3D,Will These Trader Joe's Frozen Meals Fit Into the LunchEAZE Containers?,,costco_chicken
https://www.youtube.com/shorts/FTflnPA8Cwk,,,costco_chicken
https://www.youtube.com/watch?v=MDWSooBw1IE&pp=ygUZY29zdGNvIHJvdGlzc2VyaWUgY2hpY2tlbg%3D%3D,Do we feel lucky today!!! LIVE,,costco_chicken
https://www.youtube.com/shorts/KKF7GZQX_5s,,,costco_chicken
https://www.youtube.com/watch?v=bfIq5s25Ngo&pp=ygUZY29zdGNvIHJvdGlzc2VyaWUgY2hpY2tlbg%3D%3D,Outback Steakhouse | World Market | PO Box | Thrifting | Bedtime Story #adultautism,,costco_chicken
https://www.youtube.com/watch?v=rGgPXxC2dtw&pp=ygUZY29zdGNvIHJvdGlzc2VyaWUgY2hpY2tlbg%3D%3D,"I can't be the only one who does this, right? | Weird Food Combos",,costco_chicken
https://www.youtube.com/watch?v=c_rbWKxi1sg&pp=ygUZY29zdGNvIHJvdGlzc2VyaWUgY2hpY2tlbg%3D%3D,FIRST WEEK in the new house: unpacking/shopping/cleaning/cooking FAIL lol,,costco_chicken
https://www.youtube.com/watch?v=Jd3s3QoL-F0&pp=ygUZY29zdGNvIHJvdGlzc2VyaWUgY2hpY2tlbg%3D%3D,POPEYES LIVE MUKBANG ‚Ä¢ I‚Äôve Given Up‚Ä¶‚Ä¶,,costco_chicken
https://www.youtube.com/watch?v=e0rAQU0gCJA&pp=ygUZY29zdGNvIHJvdGlzc2VyaWUgY2hpY2tlbg%3D%3D,WHAT I EAT IN A DAY FOR SUSTAINABLE WEIGHT LOSS | WW(WeightWatchers) Points | Meat Sauce Pasta,,costco_chicken
https://www.youtube.com/watch?v=2j15HO841mk&pp=ygUZY29zdGNvIHJvdGlzc2VyaWUgY2hpY2tlbg%3D%3D,Sour Cream Enchiladas | White Chicken Enchiladas | Sour Cream Chicken | Dinners Dishes And Desserts,,costco_chicken
https://www.youtube.com/watch?v=2zT_2dAI1BM&pp=ygUZY29zdGNvIHJvdGlzc2VyaWUgY2hpY2tlbg%3D%3D,"ME FU√ç A COSTCO EN GUADALAJARA JAL,DESCUENTOS DEL MES COSTCO M√âXICO, COMPARACI√ìN Costco üá≤üáΩ vs üá∫üá∏",,costco_chicken
https://www.youtube.com/watch?v=vnbiGQXpI4s&pp=ygUZY29zdGNvIHJvdGlzc2VyaWUgY2hpY2tlbg%3D%3D,Juiciest Burger to Have Existed? Wulf Burger Review 2023,,costco_chicken
https://www.youtube.com/watch?v=sRsGSDjJJ3o&pp=ygUZY29zdGNvIHJvdGlzc2VyaWUgY2hpY2tlbg%3D%3D,I can't believe I actually finished a whole Chicken!,,costco_chicken
https://www.youtube.com/watch?v=iWxeMF4Q9UM&pp=ygUZY29zdGNvIHJvdGlzc2VyaWUgY2hpY2tlbg%3D%3D,Little Caesars New Crazy Puffs! (Pepperoni) & (3 Cheese & Herb).,,costco_chicken
https://www.youtube.com/watch?v=Vs-amn1TlQc&pp=ygUZY29zdGNvIHJvdGlzc2VyaWUgY2hpY2tlbg%3D%3D,15 Food Products that will Disappear from Grocery Stores in The Coming Months,,costco_chicken
https://www.youtube.com/watch?v=byjmCw-wBD8&pp=ygUZY29zdGNvIHJvdGlzc2VyaWUgY2hpY2tlbg%3D%3D,how to GROCERY SHOP healthy,,costco_chicken
https://www.youtube.com/watch?v=4I1_edaLGqE&pp=ygUZY29zdGNvIHJvdGlzc2VyaWUgY2hpY2tlbg%3D%3D,Weekly Grocery Haul & Meal Plan,,costco_chicken
https://www.youtube.com/shorts/S-lAYzp9zS8,,,costco_chicken
https://www.youtube.com/watch?v=eT2BOzJXvJQ&pp=ygUZY29zdGNvIHJvdGlzc2VyaWUgY2hpY2tlbg%3D%3D,THE BEST OF r/SUSPICIOUSLYSPECIFIC,,costco_chicken
https://www.youtube.com/watch?v=MGwVX3rFNYk&pp=ygUZY29zdGNvIHJvdGlzc2VyaWUgY2hpY2tlbg%3D%3D,"MOVING VLOG EP. 2 | getting settled, stocking up, self care moments, & starting to decorate",,costco_chicken
https://www.youtube.com/watch?v=0LV2iVoh1dg&pp=ygUZY29zdGNvIHJvdGlzc2VyaWUgY2hpY2tlbg%3D%3D,Green Beans Recipe That's NOT Boring,,costco_chicken
https://www.youtube.com/watch?v=mHpOIvZolfk&pp=ygUZY29zdGNvIHJvdGlzc2VyaWUgY2hpY2tlbg%3D%3D,STOP These 10 Grocery Shopping Mistakes To Save Thousands!,,costco_chicken
https://www.youtube.com/watch?v=kTHPRko2KmM&pp=ygUZY29zdGNvIHJvdGlzc2VyaWUgY2hpY2tlbg%3D%3D,Trying Viral Food That I Found On The Internet,,costco_chicken
https://www.youtube.com/watch?v=NVuDYAHsWgA&pp=ygUZY29zdGNvIHJvdGlzc2VyaWUgY2hpY2tlbg%3D%3D,Here's Why Over 1 Million Dashers Just Logged Out of DoorDash For The Last Time...,,costco_chicken
https://www.youtube.com/watch?v=gYeUbJdfgD4&pp=ygUZY29zdGNvIHJvdGlzc2VyaWUgY2hpY2tlbg%3D%3D,Screwing...Caulking... Priming..Cooking..Shopping.. 50% off Haul'n and More,,costco_chicken
https://www.youtube.com/watch?v=YcikQSzu4D0&pp=ygUZY29zdGNvIHJvdGlzc2VyaWUgY2hpY2tlbg%3D%3D,Costco New Products & Recommended Products 6 Must-Buy Products at Costco,,costco_chicken
https://www.youtube.com/watch?v=6m0Q2z26BnA&pp=ygUZY29zdGNvIHJvdGlzc2VyaWUgY2hpY2tlbg%3D%3D,I'll Help You Out Momma!,,costco_chicken
https://www.youtube.com/watch?v=9214acpnJcs&pp=ygUZY29zdGNvIHJvdGlzc2VyaWUgY2hpY2tlbg%3D%3D,Fight hunger and support local artists at Empty Bowls Houston,,costco_chicken
https://www.youtube.com/watch?v=vV_0aUX51cU&pp=ygUZY29zdGNvIHJvdGlzc2VyaWUgY2hpY2tlbg%3D%3D,Are You Garbage Comedy Podcast: Joey Diaz!,,costco_chicken
https://www.youtube.com/watch?v=cuKFfDLOFvs&pp=ygUZY29zdGNvIHJvdGlzc2VyaWUgY2hpY2tlbg%3D%3D,„Äê„Ç≥„Çπ„Éà„Ç≥Ë≥ºÂÖ•ÂìÅ„ÄëÊàë„ÅåÂÆ∂„ÅÆ„É™„Éî„Éº„ÉàÂïÜÂìÅüíÅ‚Äç‚ôÄÔ∏èÔºè„Åä„Åô„Åô„ÇÅÈ£üÂìÅ„ÄÅÊó•Áî®ÂìÅüõíÔºè„ÉØ„É≥„Ç™„Éö„ÅÆÊó•„Å´„Ç≥„Çπ„Éà„Ç≥„ÅØ„Éè„Éº„ÉâÈÅé„Åé„Åü‚ö°Ô∏è„Äê„É´„Éº„ÉÜ„Ç£„É≥„Äë,,costco_chicken
https://www.youtube.com/watch?v=wfq5o9rqEeU&pp=ygUZY29zdGNvIHJvdGlzc2VyaWUgY2hpY2tlbg%3D%3D,We Opened A New Restaurant!!!,,costco_chicken
https://www.youtube.com/watch?v=lEAewKPzZQk&pp=ygUZY29zdGNvIHJvdGlzc2VyaWUgY2hpY2tlbg%3D%3D,I review viewers' skirts. (...and UruMaid appearance...?),,costco_chicken
https://www.youtube.com/watch?v=X06eLv6PZcI&pp=ygUZY29zdGNvIHJvdGlzc2VyaWUgY2hpY2tlbg%3D%3D,"[ÎßàÎ∏î Ïä§ÎÉÖ] ""ÎßàÏùåÍªè ÎπÑÏõÉÏñ¥ Í∑∏ ÎπÑÏõÉÏùå ÌôòÌò∏ÏÑ±ÏúºÎ°ú Î∞îÍøîÏ§ÑÌÖåÎãàÍπê"" Í∞ÄÎîîÏñ∏Ïùò ÏµúÍ≥† ÌûàÌä∏ Í≥° ÏãúÏ¶å Ï•¨ÏΩòÏªµ ÎåÄÌöå",,costco_chicken
https://www.youtube.com/watch?v=_LhVDt-qG-8&pp=ygUZY29zdGNvIHJvdGlzc2VyaWUgY2hpY2tlbg%3D%3D,"Culver's Drive Thru, Pot Roast Sandwich Meal, Mashed Potatoes & Lemonade, Maricopa, AZ, 13 May 2023",,costco_chicken
https://www.youtube.com/watch?v=IyWSnvgIs6s&pp=ygUZY29zdGNvIHJvdGlzc2VyaWUgY2hpY2tlbg%3D%3D,"Eating Culver's Pot Roast Sandwich & Mashed Potatoes with Lemonade, Maricopa, Arizona, 13 May 2023",,costco_chicken
